기업명,기업형태,지역,업종,자본금,매출액,대표자,설립일
지엘브이,중소기업,경기 평택시,일반 창고업,5억원,89억 8백만원,박해광,2008.07.01
테스트이앤씨,중소기업,서울 강남구,모바일·APP,1억원,70억,이지영,2012.01.01
테스트이앤씨,중소기업,경남 김해시,건축설계 및 관련 서비스업,-,8억,김영관,2015.07.24
장인의공간,중소기업,경기 광명시,솔루션·SI·CRM·ERP,1억원,39억,정해성,2010.01.08
해성동기와,중소기업,경기 안성시,"점토 벽돌, 블록 및 유사 비내화 요업제품 제조업",1억원,16억 2백만원,최돈봉,2016.03.01
포스트제주,중소기업,제주 서귀포시,주거용 건물 건설업,5억원,10억 5천만원,이윤수,2016.01.22
코인비엠에스,중소기업,서울 영등포구,쇼핑몰·오픈마켓·소셜커머스,5억원,433억 5천만,조효상,2010
공감,중소기업,경기 평택시,산업용 난방보일러 및 방열기 제조업,1억원,113억 3천만원,정승조,2019.12.09
공감,중소기업,경기 광주시,음식료·외식·프랜차이즈,-,-,전영석,2011.05.01
공감,중소기업,서울 강남구,건설·시공·토목·조경,24억 5백만원,20억 2천만원,이순재,2015.04.22
공감,중소기업,서울 강동구,광고·홍보·전시,"1,000만원","8억 9,622만원",정창일,2014
공감,중소기업,경기 고양시,전자상거래 소매 중개업,"1억 3,645만원",55억 7천만원,위초희,2015.09.14
공감,중소기업,경기 광명시,"서적, 잡지 및 기타 인쇄물 도매업","2,000만원","3억 9,686만원",강명아,2015.02.17
공감,중소기업,세종,기타 인문 및 사회과학 연구개발업,"6,000만원","5억 4,845만원",나찬주,2017.09.15
공감,중소기업,충남 계룡시,솔루션·SI·CRM·ERP,김명례,소프트웨어개발,"국민연금, 건강보험, 고용보험, 산재보험",2015.11.26
공감,중소기업,서울 송파구,컴퓨터 프로그래밍 서비스업,"3,000만원",11억 2천만원,권위수,2022.04.20
공감,중소기업,서울 영등포구,모조 귀금속 및 모조 장신용품 제조업,"5,000만원",13억 5천만원,박정운,2017.01.01
보광엘리베이터,중소기업,경기 안양시,승강기 제조업,5억원,24억 5천만원,오규만,1990.09.01
디와이에스엠,대기업,인천 남동구,기계·기계설비,132억원,7천234억,김지현,1978.10.05
디와이에스엠,중견기업,충남 아산시,그 외 자동차용 신품 부품 제조업,50억원,"4,598억 3천만원",임연찬,2014.12.01
디와이에스엠,중견기업,경남 창원시,유압기기 제조업,55억 2천만원,"2,662억 2천만원",박치웅,2014.12.01
디와이에스엠,중견기업,전북 익산시,건설 및 채광용 기계장비 제조업,20억원,"1,399억 5천만원",이승창,2020.05.01
디와이에스엠,중소기업,서울 광진구,남녀용 겉옷 및 셔츠 도매업,"5,000만원",189억 9천만원,서대용,2018.07.11
디와이에스엠,중소기업,경기 오산시,금속 절삭기계 제조업,26억 5천만원,257억 8천만원,조남욱,2014.07.11
디와이에스엠,중소기업,경기 화성시,자동차·조선·철강·항공,9억원,113억,황종영,2014.04.14
디와이에스엠,중소기업,서울 강남구,일식 음식점업,"3억 9,600만원",19억 7천만원,원구일,2014.07.14
디와이에스엠,중소기업,경기 부천시,생활용품·소비재·기타,-,-,박미화,20100601
디와이에스엠,중소기업,경북 칠곡군,자동차·조선·철강·항공,-,-,정정훈,2006.08.25
아이앤에이,중견기업,경기 수원시,반도체 제조용 기계 제조업,12억 3천만원,"2,106억 2천만원",박병해,2000.01.31
아이앤에이,중소기업,서울 강남구,건축·설비·환경,2억원,100억,진경철,2013.01.21
아이앤에이,중소기업,서울 마포구,경영 컨설팅업,정명한,경영컨설팅,"국민연금, 건강보험, 고용보험, 산재보험",2018.03.01
아이앤에이,중소기업,경기 남양주시,간판 및 광고물 제조업,1억원,17억 9천만원,김상도,2014.10.01
아이앤에이,중소기업,서울 마포구,"도배, 실내장식 및 내장 목공사업","5,000만원",21억 3천만원,박영복,2016.02.22
아이앤에이,중소기업,서울 중랑구,"도배, 실내장식 및 내장 목공사업","2억 2,500만원","7억 9,381만원",이용배/김은월,2011.06.20
아이앤에이,중소기업,경기 군포시,"도배, 실내장식 및 내장 목공사업",-,-,이우찬,2016.07.26
아이앤에이,중견기업,광주 서구,인테리어·자재,양제헌,"실내건축, 시설물유지관리, 광고기획","국민연금, 건강보험, 고용보험, 산재보험",2008
아이앤에이,중소기업,서울 중구,백화점·유통·도소매,-,-,최선희,-
에스엠정보,대기업 계열사·자회사,서울 영등포구,은행·금융,70억원,550억,박춘원,1999.12.01
에스엠정보,중소기업,대전 서구,렌탈·임대·리스,-,-,오영근,2001
에스엠정보,중소기업,서울 구로구,통신.방송장비 및 부품 도매업,"1,000만원",13억 6천만원,김영식,2013.11.01
에스엠정보,중소기업,경기 부천시,내부 전기배선 공사업,-,-,박찬종,-
에스엠정보,중소기업,경기 부천시,전자상거래 소매 중개업,-,-,김무헌,-
하이퍼텍,중소기업,경기 평택시,자동차용 신품 제동장치 제조업,9억원,200억 6천만원,이석한,2004.06.29
하이퍼텍,중소기업,충북 청주시,전기·전자·제어,12억원,32억,김기경,1998
하이퍼텍,중소기업,서울 마포구,그 외 기타 기계 및 장비 도매업,"3,000만원",10억 7천만원,이좋을,2017.03.03
써티세븐스디그리,중소기업,서울 용산구,광고 영화 및 비디오물 제작업,"1억 4,185만원",15억 6천만원,김형민,2014.04.22
광주전남작물보호제판매업협동조합,중소기업,광주 서구,물류·운송·배송,전성주,"농약 및 농자재 조합원 영업, 수금 관리","국민연금, 건강보험, 고용보험, 산재보험",1987.05.30
동우종합관리,중소기업,서울 강동구,비주거용 건물 임대업,"5,000만원",19억 1천만원,서찬우,1994.11.28
투믹스,중소기업,서울 강남구,포털·컨텐츠·커뮤니티,정윤규,,"소프트웨어 개발,공급,온라인정보 제공",2014.05.01
투믹스,중소기업,서울 강남구,데이터베이스 및 온라인정보 제공업,1억원,514억 6천만원,정윤규,2018.08.10
투믹스,중소기업,서울 영등포구,광고·홍보·전시,-,-,정진수,2022.01.28
투믹스,중소기업,인천 서구,산업용 트럭 및 적재기 제조업,890억 8천만원,346억 8천만원,김덕진/유영학,1982.02.23
투믹스,중소기업,경기 성남시,전자감지장치 제조업,-,-,한성규,2006.07.07
엠티에프시스템,중소기업,서울 용산구,"컴퓨터 및 주변장치, 소프트웨어 도매업",1억원,782억 1천만원,이권재,2012.12.06
가온,대기업,경기 안양시,기타 절연선 및 케이블 제조업,492억 9천만원,"1조 4,051억원",정현,1947.09.24
가온,중견기업,경기 성남시,방송장비 제조업,,,,
가온,중소기업,경기 성남시,컨설팅·연구·조사,"5,000만원",36억 4천만,김기홍,2011.10.10
가온,중소기업,서울 강남구,상품 종합 도매업,85억원,53억 7천만원,조윤경,2002.10.09
가온,중소기업,경기 성남시,비메모리용 및 기타 전자집적회로 제조업,57억 9천만원,964억 9천만원,정규동,2012.08.09
가온,중소기업,서울 강남구,솔루션·SI·CRM·ERP,2억원,466억,조창제,2000.05.01
가온,중소기업,대전 유성구,음식료·외식·프랜차이즈,"단체급식,위탁급식,외식,식음료","국민연금, 건강보험, 고용보험, 산재보험",http://gaonfns.co.kr/,김주홍
가온,중견기업,경기 성남시,기타 무선 통신장비 제조업,40억 9천만원,"1,807억 5천만원",임용혁,2020.07.03
가온,중소기업,서울 영등포구,기타 정보기술 및 컴퓨터운영 관련 서비스업,2억원,244억 4백만,이태재,2013.09.01
가온,중소기업,경기 남양주시,백화점·유통·도소매,1억원,100억원,방해화,2014.12.10
엔에스엘코리아,중소기업,서울 광진구,무역·상사,1억원,226억 4천만,손호영,1999.03.01
태일정보시스템,중소기업,서울 송파구,내부 통신배선 공사업,"1억 5,000만원",20억 6천만원,정구일,2012.05.04
대윤글로벌,중소기업,서울 구로구,그 외 기타 의료용 기기 제조업,-,-,박관중,-
해오름,중소기업,서울 금천구,솔루션·SI·CRM·ERP,2억원,60억,이승수,2005.07.16
해오름,중소기업,서울 중구,손해 사정업,-,-,이기무,2005.01.18
해오름,중소기업,서울 송파구,섬유·의류·패션,-,-,주석구,2000.06.21
해오름,중소기업,경기 고양시,한식 일반 음식점업,-,-,김인자,2007
해오름,중소기업,전남 여수시,비계 및 형틀 공사업,2억원,10억 7천만원,이귀주,2008.01.11
해오름,중소기업,인천 서구,제약·보건·바이오,-,-,노도식,2005
해오름,중소기업,경기 안양시,건물 건설업,"8억 1,000만원",65억 3천만원,김길수/김인호,2004.10.18
해오름,중소기업,충남 논산시,과자류 및 코코아 제품 제조업,1억원,40억 4천만원,김종완,2007.01.16
해오름,중소기업,서울 금천구,컴퓨터시스템 통합 자문 및 구축 서비스업,5억원,41억 1천만원,김기태,2000.01.15
신성베어링,중소기업,서울 구로구,그 외 기타 기계 및 장비 도매업,"5,000만원",43억 9천만원,지동황,2010.04.01
백양,중소기업,인천 서구,비주거용 건물 임대업,22억 1천만원,24억 2백만원,한지형,1992.09.15
백양,중소기업,전남 장성군,세탁물 공급업,30억 1천만원,33억 8천만원,최희숙,1997.10.01
백양,중소기업,서울 영등포구,건물용 금속공작물 설치 공사업,-,-,노진민,2004.09.01
백양,중소기업,경기 시흥시,토공사업,"4억 6,000만원",23억 3천만원,이웅근,2001.09.01
백양,중소기업,울산 남구,배관 및 냉ㆍ난방 공사업,"5억 5,000만원",157억 2천만원,김동휘,2004.08.20
백양,중소기업,부산 부산진구,슈퍼마켓,1억원,19억 3천만원,김수환,2016.07.26
백양,중소기업,전남 장성군,음식료·외식·프랜차이즈,-,-,한제영,2016.11.01
백양,중소기업,전남 장성군,종자 및 묘목 생산업,100만원,28억 7백만원,고숭,2021.12.15
엠트로스,중소기업,대구 달서구,그 외 기타 전자부품 제조업,1억원,"1억 8,738만원",강일용,2012.08.24
비지엔티,중소기업,서울 강서구,응용 소프트웨어 개발 및 공급업,"3억 9,000만원","5억 3,709만원",서석진,2004.05.07
비지엔티,중소기업,인천 연수구,컨설팅·연구·조사,"2억 5,000만원",22억 2천만원,이지선,2007.03.05
비지엔티,벤처기업,경기 화성시,무역·상사,-,-,김병수,-
비지엔티,중소기업,경기 안산시,"미장, 타일 및 방수 공사업","1억 5,000만원",31억 6백만원,허용준,2020.11.17
비지엔티,중소기업,인천광역시 부평구,경영 컨설팅업,"5,000만원",392만원,정설아,2019.07.16
비지엔티,중소기업,경기 군포시,전기·전자·제어,82억 9백만원,795억 5천만원,임학규,1996.12.17
볕터건축사사무소,중소기업,서울 강서구,건축설계 및 관련 서비스업,"건축설계,컴퓨터시스템 통합 자문 및 구축 서비스업,컴퓨터시설 관리업,데이터베이스제작및검색서비스,자료 처리업,디지털콘텐츠개발,학술연구용역","국민연금, 건강보험, 고용보험, 산재보험",-,황진하
주찬실업,중소기업,경남 김해시,선박 구성 부분품 제조업,3억원,43억 8천만원,신구호,2001.05.20
라이프티엠,중소기업,서울 금천구,임업 관련 서비스업,5억원,"8억 7,303만원",정광진,2005.01.27
라이프티엠,대기업 계열사·자회사,서울 중구,증권·보험·카드,420억원,1683억,고병구,2005.04.01
케스트,중견기업,서울 종로구,방송 프로그램 제작업,57억 3천만원,520억 9천만원,엄재용,2008.09.01
케스트,중소기업,경북 고령군,선철주물 주조업,7억원,350억 5천만원,문성배/문영욱,2009.11.09
케스트,중견기업,서울 종로구,프로그램 공급업,100억원,220억 6천만원,엄재용,2000.02.01
케스트,중소기업,서울 강동구,응용 소프트웨어 개발 및 공급업,-,-,김성현,2024.04.19
남경에스텍,중소기업,전라남도 나주시,원목 및 건축관련 목제품 도매업,6억원,21억 6천만원,김용균,2011.06.02
네스,중소기업,충남 천안시,전기·전자·제어,-,-,민경철,2021.07.07
네스,중소기업,경기 부천시,쇼핑몰·오픈마켓·소셜커머스,황성혜,,인테리어소품 브랜드,2021.12.27
네스,중소기업,대전 서구,IT컨설팅,5억원,350억,김윤희,2003.07.16
네스,중소기업,경기 하남시,콜센터·아웃소싱·기타,"5,000만원",20억5천만,유한수,2006.07.04
네스,중소기업,서울 성북구,스포츠·여가·레저,-,-,김양수,-
네스,중소기업,경기 수원시,네트워크·통신서비스,10억원,50억,유영곤,2009.07.16
네스,벤처기업,대전 유성구,전기·전자·제어,1억원,63억원,이기성,2010
네스,중소기업,서울 서초구,주류 도매업,1억원,33억 8백만원,김효진,2016.08.03
네스,중소기업,서울 서초구,건축·설비·환경,43억원,49억,김현준,2004.03.05
네스,중소기업,강원 원주시,모래 및 자갈 채취업,12억원,114억 4천만원,유영민,2005.03.18
썬컴,중소기업,부산 북구,솔루션·SI·CRM·ERP,"4억 5,000만원",22억,고태훈,2006.02.14
썬컴,중소기업,경기 파주시,목재·제지·가구,-,-,선철웅,2008.07.01
썬컴,중소기업,경남 사천시,컴퓨터·하드웨어·장비,-,-,김선형,-
제일통상,중소기업,경기 김포시,물류·운송·배송,-,-,김덕미,2010.10.31
제일통상,중소기업,서울 광진구,정비·A/S·카센터,-,-,김진정,-
제일통상,중소기업,광주 서구,"장난감 및 취미, 오락용품 도매업",-,-,김성호,2003.08.14
플러스이십일,중소기업,서울 서대문구,여행사업,3억 5만원,-,유정현,2008.03.01
청진건설,중소기업,경북 성주군,기타 토목시설물 건설업,20억원,38억 4천만원,백근하,1996.07.05
청진건설,중소기업,충북 음성군,기타 토목시설물 건설업,12억 8천만원,252억 3천만원,박종만,2000.02.22
청진건설,중소기업,경기 고양시,조경 건설업,"9억 6,000만원","5억 1,690만원",김성곤,2008.06.24
청진건설,벤처기업,서울 서초구,건설·시공·토목·조경,-,-,우충구,-
코리아툴링,중소기업,서울 구로구,그 외 기타 기계 및 장비 도매업,6억원,93억 2천만원,이재건,2000.01.03
코리아툴링,중소기업,서울 서초구,그 외 기타 분류 안된 교육기관,-,-,김동희,2014.08.25
코리아툴링,중소기업,경기 의왕시,백화점·유통·도소매,"6억 2,500만원",114억 1천만원,스테펜존백쇼,2017.03.20
코리아툴링,중소기업,인천 남동구,금속 주조 및 기타 야금용 기계 제조업,"5억 5,652만원","7억 4,276만원",류성열,1990.01.15
우리포장산업,중소기업,전남 나주시,목재·제지·가구,이미숙,골판지 박스 제조,"국민연금, 건강보험, 고용보험, 산재보험",2005.07.11
해상,대기업,서울 강남구,손해 보험업,603억 1천만원,11조 5천억원,김중현,1922.10.01
해상,국내 공공기관·공기업,인천 연수구,공기업·공공기관,-,-,정봉훈,1953.12.23
해상,대기업,서울 종로구,지주회사,"3,538억 6천만원","5,167억 9천만원",정기선/김성준,1973.12.28
해상,공공기관,서울 송파구,기타 환경 정화 및 복원업,741억 5천만원,"2,263억 5천만원",강용석,1998.08.01
해상,대기업,서울 종로구,증권·보험·카드,"3,258억원","3조 3,740억원",송윤상,1948.03.15
해상,대기업,서울 강서구,외항 화물 운송업,"1,606억 4백만원","8,566억 2천만원",한수한,1968.12.12
해상,중견기업,서울 중구,물류·운송·배송,"1,202억 1천만원","1,778억",이환구,1961.12.08
해상,중견기업,서울 중구,외항 화물 운송업,14억 6백만원,"6,850억 7천만원",김용규,1953.08.01
해상,중견기업,서울 중구,외항 화물 운송업,36억 5천만원,"4,034억 5백만원",서성훈,1962.10.22
해상,중견기업,서울 중구,외항 화물 운송업,,,,
유진정보통신,중소기업,서울 용산구,물류·운송·배송,-,-,이경훈,-
유진정보통신,중소기업,경기 이천시,일반 통신 공사업,1억원,7억9천,이헌준,2012.03.02
풍건,중소기업,경기 파주시,네트워크·통신서비스,"5,000만원",7억,양찬혁,2019.11.29
그림,대기업 계열사·자회사,서울 성동구,솔루션·SI·CRM·ERP,1억원,204억 5206만,김영민,2014.08.29
그림,중소기업,경기 광명시,전기·전자·제어,1억원,136억 9천만,곽만영,2011.05.02
그림,대기업,서울 마포구,"영화, 비디오물 및 방송프로그램 제작 관련 서비스업",1억원,104억 2천만원,황지우,2017.01.12
그림,중소기업,서울 금천구,모바일·APP,"2,667만원",71억 7천만,이민호,2015.04.08
그림,중소기업,서울 강남구,건설·시공·토목·조경,2억원,-,박종익,2005
그림,중소기업,경기 고양시,학원·어학원·교육원,-,-,이종구,2000
그림,중소기업,서울 서초구,광고·홍보·전시,2억원,"9억 3,480만원",류정훈,2013.07.09
그림,중소기업,경기 고양시,간판 및 광고물 제조업,"5,000만원",20억,지덕환,2001.02.19
그림,중소기업,서울 금천구,"광고물 문안, 도안, 설계 등 작성업",-,-,김병철,2011.07.20
그림,중소기업,서울 영등포구,웹에이전시,"서원영, 김영광",웹사이트제작 및 그래픽디자인 프로그램,"국민연금, 건강보험, 고용보험, 산재보험",2005.09.01
삼보에드텍,중소기업,경기 부천시,전기·전자·제어,"2억 6,000만원",46억,이백용,2001.09.28
태인제네시스,중소기업,서울특별시 중구,상품 종합 도매업,"5,000만원",14억 6천만원,김학태,1999.11.24
신성메카트로닉스,중소기업,경기 군포시,기계·기계설비,이상복,"기계수입,기계가공,무역","국민연금, 건강보험, 고용보험, 산재보험",1996.03.26
길호,중소기업,제주 서귀포시,수산동물 건조 및 염장품 제조업,7억 100만원,25억 9천만원,강문철,2010.12.13
위스마트,중소기업,서울 송파구,응용 소프트웨어 개발 및 공급업,2억원,"9억 7,364만원",정택선,2020.05.20
지엠피앤디,중소기업,서울 중구,주거용 건물 개발 및 공급업,"부동산 개발,공급","국민연금, 건강보험, 고용보험, 산재보험",-,현병섭
덕흥농산중개,중소기업,서울 송파구,"채소류, 서류 및 향신작물류 도매업","5,000만원",20억 4천만원,노원준,1997.08.01
오봉,중소기업,충남 보령시,호텔·여행·항공,-,-,장진석,-
오봉,중소기업,서울 구로구,옥외 및 전시 광고업,-,-,김병곤,-
오봉,중소기업,경기 고양시,음식료·외식·프랜차이즈,-,-,남재우,2015.03.03
오봉,중소기업,인천 서구,음식료·외식·프랜차이즈,-,-,주재억,-
오봉,중소기업,서울 도봉구,음식료·외식·프랜차이즈,-,-,임민혁,-
오봉,중소기업,대구 북구,음식료·외식·프랜차이즈,-,-,김재호,-
오봉,중소기업,경기 구리시,음식료·외식·프랜차이즈,-,-,유현아,-
오봉,중소기업,경기 수원시,음식료·외식·프랜차이즈,-,-,김태우,2016.01.02
오봉,중소기업,대구 북구,목재·제지·가구,-,-,진현서,-
늘사랑어린이집,비영리단체·교육재단,경남 김해시,학원·어학원·교육원,-,-,손재익,2004.05.04
해피앤리치개발,중소기업,대전 서구,비주거용 건물 개발 및 공급업,6억원,"6억 7,246만원",김맹순,2007.10.09
자연의모든것,중소기업,서울 송파구,백화점·유통·도소매,17억 1천만원,490억,"강명균,이강표",1998.07.14
문화종합건설,중소기업,충남 당진시,기타 토목시설물 건설업,12억 1천만원,123억 4천만원,성광일,2000.06.14
문화종합건설,중소기업,경기 광주시,건물 건설업,"3억 5,000만원",76억 7천만원,유기철,2019.07.02
벌룬스틱스코리아,중소기업,서울특별시 성동구,그 외 기타 고무제품 제조업,1억원,105억 4천만원,김철호,2003.03.10
기림엔지니어링,중소기업,경기 성남시,건축·설비·환경,2억원,92억오천만원,이은종,1996.07.15
하나수산,중소기업,충북 진천군,백화점·유통·도소매,-,-,최영옥,-
하나수산,중소기업,부산 수영구,물류·운송·배송,-,-,김미화,2008.08.01
하나수산,중소기업,제주 제주시,제약·보건·바이오,-,-,장계환,1995.01.05
한들,대기업 계열사·자회사,서울 중구,음식료·외식·프랜차이즈,200억원,1조 40억원,이석구,1999.07.27
한들,대기업,경기 부천시,비메모리용 및 기타 전자집적회로 제조업,"2,225억 5천만원","9,915억 8천만원",조기석,1953.04.28
한들,대기업,서울 중구,플라스틱 창호 제조업,500억원,3조 918억원,노진서/한주우,2009.04.02
한들,대기업,경기 이천시,그 외 기타 분류 안된 사업지원 서비스업,25억 3백만원,"3,989억 6천만원",윤종수,2001.05.01
한들,중견기업,서울 강남구,생활화학·화장품,-,"6,300억원",크리스토퍼킨더슬리우드,2004.12.24
한들,벤처기업,서울 송파구,화학·에너지·환경,,,,
한들,중소기업,경기 안산시,반도체·디스플레이·광학,19억원,377억,민성욱,2000.11.06
한들,중견기업,경기 성남시,제약·보건·바이오,54억원,"3,408억원","강기석, 김신규",1993.12.20
한들,중소기업,부산 해운대구,사업시설 유지.관리 서비스업,"1,189억 1천만원",436억 8천만원,손수득,1995.12.05
한들,중소기업,서울 강남구,시장조사 및 여론조사업,"7,144만원",733억 5천만원,노익상,1987.03.11
에이치백시스템,중소기업,서울 광진구,배관 및 냉ㆍ난방 공사업,"1억 5,000만원",조은채,"냉난방기설치공사,환기시스템설치공사/가전제품,부품 도소매,전자상거래/냉난방기 유지보수,세척(청소)/컨설팅",2012.05.16
주원산업개발,중소기업,전북 전주시,기타 옥외 시설물 축조 관련 전문공사업,5억 500만원,83억 2천만원,박종환,2013.01.04
주원산업개발,중소기업,경기 시흥시,부동산·중개·임대,-,-,"홍정순,정영일",2024.09.13
주원산업개발,중소기업,광주 북구,시설물 유지관리 공사업,-,-,정주희,2019.03.25
크론티어스,중소기업,서울 강남구,응용 소프트웨어 개발 및 공급업,"1억 1,722만원","3억 9,057만원",김형근,2013.04.05
동부석유,중소기업,경남 창원시,정비·A/S·카센터,-,-,김영필,-
햅스토어,중소기업,서울 강남구,백화점·유통·도소매,6억 7만원,100억,박승범,2006.01.05
알파아이엔씨,중소기업,대전 대덕구,컴퓨터·하드웨어·장비,2억원,74억,이상민,2001.02.07
정금산업,중소기업,경기 남양주시,1차 금속제품 도매업,1억원,"5억 7,178만원",김창한,2006.09.01
아임푸드,중소기업,경기 군포시,과자류 및 코코아 제품 제조업,"3,391만원","2억 8,203만원",구준회,2008.04.11
대풍산업,중소기업,서울 성동구,건설·시공·토목·조경,배대환,"조달청우수제품지정,친환경목재데크,목교,출렁다리,조경시설물,기&#55149;설계,제작설치까지.","국민연금, 건강보험, 고용보험, 산재보험",1971
대풍산업,중소기업,경기 안양시,생활용품·소비재·기타,-,34억,심정식,2018.08.20
대풍산업,중소기업,서울 중구,호텔·여행·항공,-,-,신기준,2012.01.01
대풍산업,중소기업,인천 남동구,동물용 의약품 제조업,"4억 5,880만원",84억 4천만원,최호연,1975.04.08
대풍산업,중소기업,울산 울주군,자동차·조선·철강·항공,-,-,김연국,2006.01.01
대풍산업,중소기업,경북 영천시,철강선 제조업,"4억 9,566만원",497억 7천만원,이성우,1986.05.01
대풍산업,중소기업,부산 사하구,그 외 기타 분류 안된 섬유제품 제조업,"2억 3,000만원",16억 5천만원,강필구,2003.01.14
대풍산업,중소기업,부산 강서구,그 외 기타 전자부품 제조업,"1,000만원",15억 7천만원,김숙향,2014.01.03
대풍산업,중소기업,서울 강남구,주거용 건물 개발 및 공급업,15억원,233억 1천만원,최준원,2016.01.01
대풍산업,중소기업,인천 계양구,유리 및 창호 공사업,2억원,53억 9천만원,윤금중,1992.07.01
아원종합건설,중소기업,경기 광명시,단독 주택 건설업,5억원,92억 1백만원,홍진영,2016.07.04
보고예선,중소기업,경남 사천시,기타 해상 운송업,23억원,36억 6천만원,정슬기,2007.05.20
한국디지털거래소,중소기업,서울 서초구,솔루션·SI·CRM·ERP,109억 9천만원,-,김석진,2017.07.06
스마트테크,중소기업,광주 서구,생활용품·소비재·기타,6억원,150억원,김순재,2016
스마트테크,중소기업,강원 평창군,일반전기 공사업,2억원,10억 1천만원,임현정,2012.02.16
스마트테크,중소기업,경기도 수원시,가전제품 수리업,"5,000만원","5억 3,379만원",장덕식,2016.07.01
스마트테크,중소기업,경기 안산시,반도체 제조용 기계 제조업,-,-,이윤지/이수원,2015.01.14
스마트테크,중소기업,경기 화성시,과실류 도매업,"5,000만원",-,서상범,2017.07.24
스마트테크,중소기업,서울 도봉구,시스템 소프트웨어 개발 및 공급업,-,-,오남성,-
스마트테크,중소기업,대전 대덕구,자동차·조선·철강·항공,-,-,송권선,-
스마트테크,중소기업,대구 동구,육류 기타 가공 및 저장처리업 (가금류 제외),"5,000만원",17억 6천만원,김대원,2020.08.25
스마트테크,중소기업,전남 나주시,곡물 및 기타 식량작물 재배업,5억원,47억 3천만원,남윤환,2017.04.26
씨이엔에스,중소기업,경기 고양시,전자상거래 소매 중개업,"1,000만원",19억 6천만원,김영선,2009.06.29
씨이엔에스,중소기업,서울 마포구,상품 종합 도매업,1억원,42억 2천만원,최재홍,2014.02.05
씨이엔에스,중소기업,서울 서초구,연예·엔터테인먼트,-,-,신인수,2023.07.10
씨이엔에스,중소기업,서울 강남구,응용 소프트웨어 개발 및 공급업,7억원,"2억 8,689만원",박병건,2009.03.03
씨이엔에스,개인,서울 양천구,"컴퓨터 및 주변장치, 소프트웨어 및 통신기기 소매업",-,-,양천수,-
일출축산,중소기업,경기 광주시,백화점·유통·도소매,100억원,50억,강인정,2007.06.28
아스트로젠,중소기업,대구광역시 북구,의학 및 약학 연구개발업,25억 7천만원,"4억 9,565만원",황수경,2017.08.20
경인환경,중소기업,인천 미추홀구,물질성분 검사 및 분석업,-,-,조용태,1982.08.20
경인환경,비영리단체·교육재단,인천 계양구,화학·에너지·환경,-,-,박길현,-
중소기업은행,공공기관,서울 중구,국내은행,"4조 2,113억원",27조 3천억원,김성태,1961.07.25
중소기업은행,비영리법인,서울 중구,노동조합,-,-,류장희,1984.01.09
중소기업은행,대기업 계열사·자회사,서울 중구,시스템 소프트웨어 개발 및 공급업,31억원,"3,509억 5천만원",김윤기,1991.04.16
중소기업은행,대기업,서울 영등포구,증권 중개업,"6,309억 3천만원","2조 9,838억원",서정학,2008.07.23
중소기업은행,대기업,서울 중구,생명 보험업,"4,900억원","7,622억 8천만원",임문택,2010.09.01
중소기업은행,중견기업,서울 영등포구,신용 조사 및 추심 대행업,30억원,336억 5천만원,서재홍,2000.02.02
중소기업은행,대기업,서울 강남구,그 외 기타 여신금융업,"2,654억 5천만원","7,862억원6십만원",문창환,1986.11.20
중소기업은행,중소기업,서울 마포구,주거용 부동산 관리업,30억원,785억 4천만원,정광후,2018.12.18
중소기업은행,중소기업,부산 부산진구,상호저축은행 및 기타 저축기관,"1,066억 9백만원","1,248억 2천만원",전병성,2011.10.11
중소기업은행,대기업,서울 영등포구,신탁업 및 집합투자업,200억원,264억 5천만원,장민영,2004.10.26
원창플랜트,중소기업,경기도 군포시,산업용 냉장 및 냉동 장비 제조업,1억원,24억 2천만원,송구길,2010.01.07
에코피스,중소기업,광주 북구,산업용 로봇 제조업,"2억 1,832만원",53억 1천만원,채인원,2012.12.12
에코피스,비영리법인,서울 중구,"물리, 화학 및 생물학 연구개발업",1억 71만원,1만원,문국현,2006.05.30
비웍스커뮤니케이션,중소기업,서울 강남구,광고·홍보·전시,"5,000만원",20억,이승희,2003.07.04
비웍스커뮤니케이션,중소기업,서울 중구,경 인쇄업,"1,000만원",9억 520만원,백종찬,2017.11.08
비웍스커뮤니케이션,중소기업,경기 남양주시,네트워크·통신서비스,1억원,5억,정현우,2019.06.07
비웍스커뮤니케이션,중소기업,서울 강남구,광고 대행업,"1,000만원",1억 605만원,김태형,2024.11.08
비웍스커뮤니케이션,중소기업,서울 성동구,응용 소프트웨어 개발 및 공급업,-,-,송혜경,2013.11.29
비웍스커뮤니케이션,중소기업,서울 강남구,광고업,-,-,박승진,2010.03.24
이그린글로벌,벤처기업,경기 군포시,식품가공,-,-,신기준,2009.08.05
블루소프트,중소기업,서울 영등포구,그 외 기타 전자부품 제조업,"2억 5,000만원",76억 6천만원,구상문,1999.04.17
블루소프트,중소기업,충북 청주시,솔루션·SI·CRM·ERP,"5,000만원",7억,"서명석,김호영",2002.10.18
블루소프트,중소기업,서울 강남구,시스템ㆍ응용 소프트웨어 개발 및 공급업,-,-,정원식,2013.04.02
블루소프트,중소기업,충북 청주시,응용 소프트웨어 개발 및 공급업,-,-,서명석,2002.10.18
블루소프트,중소기업,서울 강남구,컴퓨터·하드웨어·장비,,,,
케이아이에스,중견기업,서울 구로구,그 외 기타 전기 통신업,61억 5천만원,"3,124억 7천만원",조용수,1993.04.01
케이아이에스,중소기업,서울 관악구,섬유·의류·패션,-,50억,서형태,2009.07.10
케이아이에스,중소기업,대구 북구,"컴퓨터 및 주변장치, 소프트웨어 도매업",1억원,11억 1천만원,손동목,2000.10.06
케이아이에스,중소기업,충북 청주시,솔루션·SI·CRM·ERP,"2억 5,000만원",23억2천만,장래현,2000.01.04
케이아이에스,중소기업,서울 성동구,여행사업,-,-,이상철,-
케이아이에스,중소기업,울산 울주군,음식료·외식·프랜차이즈,-,-,조성태,-
케이아이에스,중소기업,서울 금천구,화학섬유직물 직조업,"1억 5,000만원",17억 7천만원,이무호,2013.07.16
케이아이에스,중소기업,경기 안양시,응용 소프트웨어 개발 및 공급업,"1억 5,000만원",23억 4천만원,이국재,2018.10.05
케이아이에스,중소기업,대구 중구,기타 교육지원 서비스업,-,-,김미경,-
블루모션테크놀로지,중소기업,인천 서구,배전반 및 전기 자동제어반 제조업,1억원,"5억 2,633만원",이춘화/김희황,2016.08.25
지앤에스이엔지,중소기업,경기 고양시,일반전기 공사업,13억 6천만원,276억 2천만원,박선영,2002.05.24
평원,중소기업,서울 강북구,목재·제지·가구,1억 500만원,15억 7천만,소유민,2018.09.05
평원,중소기업,서울 강남구,"지정 외 폐기물 수집, 운반업","1억 5,000만원",43억 3천만원,유대웅,1982.09.05
평원,중소기업,경기 안양시,건설·시공·토목·조경,5억원,11억 6천만,조성민,1991.02.11
평원,중소기업,경기 광주시,"채소류, 서류 및 향신작물류 도매업","2,000만원",47억 4백만원,조찬승,2019.08.12
평원,중소기업,강원 원주시,재생용 재료 수집 및 판매업,"3,782만원","6억 2,442만원",안병국,2018.04.24
평원,중소기업,경기 부천시,"도배, 실내장식 및 내장 목공사업",-,-,정대원,-
평원,중소기업,서울 강남구,변호사업,"6,000만원","7억 9,130만원",손태근,2015.08.27
평원,중소기업,경기 안양시,건설·시공·토목·조경,12억 2천만원,119억7천만원,강재진,2003.03.13
평원,중소기업,경기 시흥시,컨설팅·연구·조사,-,-,서영애,2022.09.01
평원,중소기업,경기 성남시,회계·세무·법무,-,-,강석원,2002.01.01
성진통운,중소기업,서울 강서구,택시 운송업,-,-,정부길,1971.03.10
성진통운,중소기업,대전 중구,일반 화물자동차 운송업,1억원,89억 3천만원,이봉현,2007.09.01
디에이치알서비스,중소기업,경기 화성시,시설관리·보안·경비,1억원,40억,김규만,1997.06.02
늘푸름,중소기업,부산 사하구,식품가공,54억원,417억,김형광,2004.01.01
늘푸름,중소기업,경기 화성시,식품가공,"9억 9,000만원",251억 5천만원,안상교/안재욱,1998.12.01
늘푸름,중소기업,서울 송파구,학원·어학원·교육원,"5,000만원",37억 1천만원,고강현,2010.09.01
늘푸름,중소기업,서울 중구,물류·운송·배송,3억원,1360억,남극영,2007.06.14
늘푸름,중소기업,대구 남구,"서적, 잡지 및 기타 인쇄물 도매업",-,-,박창범,2017.02.20
늘푸름,중소기업,경기 김포시,기타 목재가구 제조업,2억원,80억,정유순,1990.09.01
늘푸름,중소기업,경기 화성시,시설관리·보안·경비,-,100억,이한엄,2003.07.01
늘푸름,중소기업,전북 완주군,네트워크·통신서비스,30억원,100억,최정성,2002.06.10
늘푸름,중소기업,경기 안성시,건축물 일반 청소업,5억원,50억 7천만원,이옥순,2004.07.01
늘푸름,중소기업,경기 성남시,"빵류, 과자류, 당류, 초콜릿 도매업",100만원,32억 3천만원,나법균,2019.10.10
디케이이엔지,중소기업,경기 포천시,기타 엔지니어링 서비스업,100만원,"4억 4,117만원",김선태,2021.03.05
디케이이엔지,중소기업,대구 북구,"기타 기술 시험, 검사 및 분석업",-,-,권영기,-
디케이이엔지,중소기업,인천 중구,건축·설비·환경,-,-,박룡,-
미디어지음,중소기업,인천 서구,인테리어·자재,-,-,권혁범,-
미디어지음,중소기업,서울 서초구,방송·케이블·프로덕션,-,-,김청운,2010
빅텍스,중소기업,인천 서구,기계·기계설비,28억원6십만원,120억,최진흥,2000.02.14
대신기술능력개발원,중소기업,서울 강동구,기타 기술 및 직업훈련학원,3억원,11억 8천만원,이석진,2008.12.01
유림미트,중소기업,경기 광명시,물류·운송·배송,김경희,축산물,"국민연금, 건강보험, 고용보험, 산재보험",2016.09.01
고운문화재연구원,비영리법인,충남 아산시,"그 외 기타 분류 안된 전문, 과학 및 기술 서비스업","5,000만원",15억 5천만원,김경범,2017.11.10
세무법인조이위드,중소기업,서울 강남구,회계·세무·법무,,,,
세무법인조이위드,중소기업,서울 강남구,회계·세무·법무,,,,
대광솔루션,중소기업,전남 여수시,일반전기 공사업,12억 6천만원,500억 6천만원,문성환,1991.07.01
대광솔루션,중소기업,경기 남양주시,"냉.난방장치 및 철물, 수공구 도매업",,,,
대광솔루션,중소기업,대전 서구,사무용 가구 및 기기 도매업,,,,
명진종합건설,중소기업,충북 청주시,일반전기 공사업,7억 364만원,51억 4천만원,이명준,1991.04.08
명진종합건설,중소기업,경북 구미시,"미장, 타일 및 방수 공사업",,,,
글로벌표준인증원,중소기업,경기 광명시,컨설팅·연구·조사,,,,
명성토건,중소기업,경기 용인시,토공사업,,,,
에이치지포인트건설,중소기업,광주 북구,건물 건설업,-,-,이재득,-
알레마나,중소기업,서울 서초구,섬유·의류·패션,1억원,30억4천만,최영혜,2012.01.06
디엠에스이,중소기업,경기도 안양시,전기·전자·제어,6억원,정문식,,2007.10.16
경원건축사무소,중소기업,서울 서초구,건축·설비·환경,,,,
아인스시스템,대기업,충북 청주시,기타 반도체소자 제조업,,,,
아인스시스템,중소기업,서울 금천구,기타 정보기술 및 컴퓨터운영 관련 서비스업,,,,
아인스시스템,중견기업,서울 용산구,"컴퓨터 및 주변장치, 소프트웨어 도매업",,,,
아인스시스템,중소기업,서울 용산구,컴퓨터·하드웨어·장비,,,,
아인스시스템,중소기업,경남 창원시,네트워크·통신서비스,,,,
아인스시스템,중소기업,인천 부평구,기타 반도체소자 제조업,,,,
아인스시스템,중소기업,대구 동구,응용 소프트웨어 개발 및 공급업,,,,
아인스시스템,중소기업,경기 김포시,기타 공동 주택 건설업,,,,
아인스시스템,중소기업,경기 하남시,"도배, 실내장식 및 내장 목공사업",,,,
아인스시스템,중소기업,경기 안양시,응용 소프트웨어 개발 및 공급업,"1억 5,000만원",23억 4천만원,이국재,2018.10.05
덕인환경,중소기업,인천 동구,"소독, 구충 및 방제 서비스업",1억원,11억 4천만원,손경언/한영숙,2007.01.05
바론,중소기업,서울 구로구,광고·홍보·전시,,,,
바론,중소기업,서울 강남구,백화점·유통·도소매,,,,
바론,중소기업,서울 영등포구,"도배, 실내장식 및 내장 목공사업",,,,
바론,중소기업,경기 화성시,컴퓨터시스템 통합 자문 및 구축 서비스업,"1억 2,233만원",15억 6천만원,박기범,2010.01.01
바론,중소기업,대전 유성구,솔루션·SI·CRM·ERP,,,,
바론,중소기업,부산 남구,데이터베이스 및 온라인정보 제공업,,,,
바론,중소기업,충북 청주시,응용 소프트웨어 개발 및 공급업,,,,
바론,중소기업,제주 제주시,모조 귀금속 및 모조 장신용품 제조업,,,,
바론,중소기업,경기 안산시,항공 및 육상 화물 취급업,,,,
바론,중소기업,강원 원주시,건설·시공·토목·조경,,,,
새마,중소기업,부산 해운대구,상품 종합 도매업,1억원,71억 8천만원,고기영,2004.01.06
새마,중소기업,전남 광양시,전기회로 접속장치 제조업,"1억 5,000만원",27억 9천만원,손민욱,2018.02.22
새마,개인,경기 양주시,한식 음식점업,"6억 5,000만원",15억 1천만원,천이랑,2002.01.03
새마,비영리단체·교육재단,서울 강남구,은행·금융,,,,
새마,비영리법인,경기도 성남시,그 외 기타 협회 및 단체,,,,
새마,대기업 계열사·자회사,서울 마포구,은행·금융,,,,
새마,비영리법인,서울 강서구,신용조합,,,,
새마,중소기업,인천 서구,기타 비주거용 건물 건설업,,,,
새마,중소기업,서울 노원구,통신.방송장비 및 부품 도매업,5억원,148억 9천만원,정해상/정철종,2013.08.16
서정,중소기업,서울 강남구,문화·공연·예술,10억원,193억,이대희,2015.10.07
서정,중소기업,서울 강남구,물류·운송·배송,,,,
서정,중소기업,서울 서대문구,늘찬 배달업,,,,
서정,중소기업,전북 김제시,기타 산업용 농산물 도매업,,,,
서정,중소기업,인천 남동구,의약품 및 의료용품 소매업,,,,
서정,중소기업,서울 강남구,기타 방적업,,,,
서정,중소기업,경기 안양시,건설·시공·토목·조경,,,,
서정,중소기업,서울 송파구,단독 주택 건설업,,,,
서정,중소기업,경기 고양시,상품 종합 도매업,,,,
서정,중소기업,서울 송파구,인테리어·자재,,,,
엠케이종합건설,중소기업,경기 과천시,그 외 기타 건축 마무리 공사업,,,,
엠케이종합건설,중소기업,경기 포천시,기타 토목시설물 건설업,,,,
동경해운,중소기업,제주 제주시,"화물운송 중개, 대리 및 관련 서비스업",,,,
플라터너스,중소기업,서울 금천구,섬유·의류·패션,,,,
아리움텍,중소기업,충남 천안시,화학·에너지·환경,,,,
커리어플러스컨설팅,중소기업,서울 마포구,교육관련 자문 및 평가업,,,,
커리어플러스컨설팅,중소기업,부산 해운대구,경영 컨설팅업,,,,
커리어플러스컨설팅,중소기업,경기 파주시,서치펌·헤드헌팅,,,,
커리어플러스컨설팅,중소기업,서울 양천구,경영 컨설팅업,,,,
커리어플러스컨설팅,중소기업,서울 마포구,컨설팅·연구·조사,,,,
산들,대기업,서울 영등포구,증권 중개업,,,,
산들,중견기업,서울 마포구,신문 발행업,,,,
산들,대기업,서울 영등포구,증권 중개업,,,,
산들,대기업,서울 중구,증권 중개업,,,,
산들,대기업,서울 영등포구,증권 중개업,,,,
산들,공공기관,서울 중구,그 외 기타 보건업,,,,
산들,국내 공공기관·공기업,경남 진주시,건설·시공·토목·조경,,,,
산들,대기업,서울 영등포구,증권 중개업,,,,
산들,대기업,서울 영등포구,증권 중개업,,,,
대성이앤씨,중소기업,경기 여주시,건설·시공·토목·조경,,,,
대성이앤씨,중소기업,경기 시흥시,도장 공사업,,,,
대성이앤씨,중소기업,경기 안산시,기반조성 관련 전문공사업,,,,
대성이앤씨,중소기업,전남 순천시,건축·설비·환경,,,,
대성이앤씨,중소기업,경기 용인시,합성수지 및 기타 플라스틱 물질 제조업,,,,
대성이앤씨,중소기업,부산 동래구,건물 및 토목 엔지니어링 서비스업,,,,
대성이앤씨,중소기업,서울 송파구,건물 및 토목 엔지니어링 서비스업,,,,
서울특별시평생교육진흥원,비영리법인,서울 마포구,사회교육시설,,,,
스카이아이앤디,중소기업,서울 강남구,응용 소프트웨어 개발 및 공급업,,,,
스카이아이앤디,중소기업,충남 천안시,그 외 기타 분류 안된 사업지원 서비스업,,,,
스카이아이앤디,중소기업,서울 중랑구,음식료·외식·프랜차이즈,,,,
스카이아이앤디,중소기업,경기 포천시,쇼핑몰·오픈마켓·소셜커머스,,,,
스카이아이앤디,중소기업,서울 노원구,모조 귀금속 및 모조 장신용품 제조업,,,,
스카이아이앤디,중소기업,경기 용인시,제약·보건·바이오,,,,
스카이아이앤디,벤처기업,서울 강남구,솔루션·SI·CRM·ERP,,,,
스카이아이앤디,중소기업,서울 강서구,통관 대리 및 관련서비스업,,,,
스카이아이앤디,중소기업,경기 부천시,포털·컨텐츠·커뮤니티,,,,
스카이아이앤디,중소기업,대전 동구,그 외 자동차용 신품 부품 제조업,,,,
신화이앤씨,중소기업,충남 서산시,건설·시공·토목·조경,,,,
신화이앤씨,중소기업,서울 송파구,건설·시공·토목·조경,,,,
신화이앤씨,중소기업,광주 서구,내부 통신배선 공사업,,,,
신화이앤씨,중소기업,부산 부산진구,소방시설 공사업,,,,
신화이앤씨,중소기업,경기 안양시,건설·시공·토목·조경,,,,
신화이앤씨,중소기업,경기 안양시,건설·시공·토목·조경,,,,
안중근의사숭모회,중소기업,서울 중구,박물관 운영업,,,,
디에이치,중견기업,서울 금천구,"라디오, 녹음 및 재생 기기 제조업",,,,
디에이치,중소기업,경기 군포시,그 외 기타 특수목적용 기계 제조업,,,,
디에이치,중소기업,대전 서구,백화점·유통·도소매,,,,
디에이치,중견기업,인천 서구,전기·전자·제어,,,,
디에이치,중견기업,인천 서구,운송장비용 조명장치 제조업,,,,
디에이치,중소기업,경기 평택시,자동차 차체용 신품 부품 제조업,,,,
디에이치,중견기업,광주 북구,주방용 전기기기 제조업,,,,
디에이치,중견기업,전북 완주군,그 외 자동차용 신품 부품 제조업,,,,
디에이치,중소기업,경남 김해시,그 외 기타 전자부품 제조업,-,-,문현이,2014.04.25
디에이치,중소기업,충남 당진시,그 외 기타 금속가공업,"2,000만원",246억 6천만원,홍영기,2020.01.08
대성엔텍,중소기업,경기 화성시,기계·기계설비,,,,
대성엔텍,중소기업,경기 수원시,음ㆍ식료품 및 담배 가공기계 제조업,,,,
대성엔텍,중소기업,인천 남동구,금속 절삭기계 제조업,,,,
대성엔텍,중소기업,경기 화성시,생활용품·소비재·기타,,,,
대성엔텍,중소기업,광주 광산구,주형 및 금형 제조업,,,,
대성엔텍,중소기업,경기 안산시,자동차용 전용 신품 부품 판매업,,,,
대성엔텍,중소기업,경기 화성시,그 외 기타 플라스틱 제품 제조업,,,,
대성엔텍,중소기업,경남 함안군,유압기기 제조업,,,,
대성엔텍,중소기업,서울 광진구,교통 신호장치 제조업,,,,
대성엔텍,중소기업,서울 동대문구,인테리어·자재,,,,
현이엔씨,중소기업,서울 금천구,주거용 건물 개발 및 공급업,23억원,90억,서동현,2001.04.25
현이엔씨,벤처기업,경기 안양시,건설·시공·토목·조경,,,,
현이엔씨,중소기업,서울 송파구,기계·기계설비,,,,
현이엔씨,중소기업,전북 전주시,비주거용 건물 임대업,,,,
은빈,중소기업,광주 북구,포털·컨텐츠·커뮤니티,,,,
은빈,중소기업,서울 강남구,건어물 및 젓갈류 소매업,,,,
은빈,중소기업,경기 김포시,시설관리·보안·경비,,,,
은빈,중소기업,서울특별시 중구,의복 액세서리 및 모조 장신구 도매업,-,-,박혜경,-
동광양,중소기업,전남 광양시,"화물운송 중개, 대리 및 관련 서비스업",,,,
동광양,대기업,전남 광양시,은행·금융,,,,
혜윰,중소기업,서울 서초구,건축·설비·환경,,,,
혜윰,중소기업,경기 김포시,"목재 보존, 방부처리, 도장 및 유사 처리업",,,,
혜윰,중소기업,서울 동대문구,"도배, 실내장식 및 내장 목공사업",,,,
혜윰,중소기업,대구광역시 달서구,문화·공연·예술,,,,
혜윰,중소기업,경기 용인시,일반전기 공사업,,,,
혜윰,중소기업,서울 강남구,경영 컨설팅업,,,,
혜윰,중소기업,서울 송파구,광고·홍보·전시,,,,
혜윰,중소기업,부산 부산진구,"도배, 실내장식 및 내장 목공사업",,,,
혜윰,중소기업,서울 강남구,"전시, 컨벤션 및 행사 대행업",,,,
해성테크,중소기업,울산 울주군,그 외 자동차용 신품 부품 제조업,"5억 1,000만원",14억 5천만원,김영운,2017.07.25
해성테크,중소기업,부산 강서구,도장 및 기타 피막처리업,-,13억 5천만원,김해덕,2019.07.03
해성테크,중소기업,경기 화성시,"금속 문, 창, 셔터 및 관련제품 제조업","8억 2,253만원",21억 5천만원,노복균,2013.05.15
해성테크,중소기업,경북 구미시,반도체 제조업,,,,
이와이건축사사무소,중소기업,경기 남양주시,건축설계 및 관련 서비스업,"1,000만원",11억 4백만원,김현종,2019.07.08
상기이엔지,중소기업,경기 화성시,전기·전자·제어,,,,
포스타입,중소기업,서울 강남구,포털·컨텐츠·커뮤니티,,,,
영인에이스,중소기업,경기 안양시,"물리, 화학 및 생물학 연구개발업",,,,
프릭사모터스,중소기업,경기 고양시,자동차 신품 판매업,,,,
동남환경,중소기업,부산 연제구,화학·에너지·환경,-,-,김미경,2013.03.27
엔티비코리아,중소기업,서울 금천구,응용 소프트웨어 개발 및 공급업,2억원,36억 4백만원,전영기,2000.04.20
엔티비코리아,중소기업,경기 평택시,유리 및 창호 도매업,"1,000만원","5억 1,717만원",김명준,2016.02.23
크리에이터링크,벤처기업,서울 서초구,솔루션·SI·CRM·ERP,,,,
제레미에프엔비,중소기업,서울 강남구,경영 컨설팅업,,,,
송천,중소기업,광주 북구,상용 인력 공급 및 인사관리 서비스업,,,,
송천,중소기업,경기 남양주시,음식료·외식·프랜차이즈,,,,
송천,중소기업,서울 강서구,철골 및 관련 구조물 공사업,,,,
송천,중소기업,광주 북구,일반전기 공사업,,,,
송천,중소기업,경기 평택시,"채소류, 서류 및 향신작물류 도매업",,,,
송천,중소기업,서울 금천구,상품 종합 도매업,,,,
송천,중소기업,서울 강동구,비주거용 건물 임대업,,,,
송천,중소기업,전북 전주시,일식 음식점업,,,,
송천,중소기업,서울 영등포구,"미장, 타일 및 방수 공사업",,,,
송천,비영리법인,전라북도 전주시,금융리스업,,,,
이엠,대기업,서울 마포구,방송·케이블·프로덕션,,,,
이엠,중견기업,경기 용인시,기타 건물 관련설비 설치 공사업,,,,
이엠,중견기업,충북 청주시,그 외 기타 달리 분류되지 않은 제품 제조업,,,,
이엠,중소기업,전북 익산시,합성수지 및 기타 플라스틱 물질 제조업,,,,
이엠,중소기업,인천 서구,시설관리·보안·경비,,,,
이엠,중소기업,인천 서구,자동차 차체용 신품 부품 제조업,,,,
이엠,중소기업,서울 강남구,사업시설 유지.관리 서비스업,,,,
이엠,중소기업,서울 강남구,"영화, 비디오물 및 방송프로그램 제작 관련 서비스업",52억 6천만원,240억 7천만원,고병철,2000.04.26
이엠,중견기업,서울 강남구,건축·설비·환경,,,,
이엠,중소기업,서울 송파구,경영 컨설팅업,,,,
공훈,중소기업,광주 남구,백화점·유통·도소매,,,,
공훈,중소기업,대전 동구,시스템 소프트웨어 개발 및 공급업,,,,
브레인컨설팅호남,중소기업,광주 남구,"컴퓨터 및 주변장치, 소프트웨어 도매업",,,,
스틸엔우드,중소기업,충북 음성군,육상 금속 골조 구조재 제조업,"3억 5,000만원",24억 4천만원,이상숙,2005.04.07
스틸엔우드,중소기업,대구 서구,물류·운송·배송,3억원,27억,이택재,2001.02.06
스틸엔우드,개인,경기 오산시,"철물, 공구, 창호 및 건설자재 소매업",,,,
창성테크,중소기업,경기 평택시,주형 및 금형 제조업,,,,
창성테크,중소기업,울산 남구,자동차·조선·철강·항공,,,,
창성테크,중소기업,경기 화성시,기계·기계설비,,,,
창성테크,중소기업,경기 안산시,기타 자동차 신품 부품 및 내장품 판매업,-,-,김홍화,-
시에이치파트너스,중소기업,부산 동구,비주거용 건물 임대업,3억원,"8억 5,248만원",한승완,2014.11.12
플랜비로지스틱,중소기업,경기 파주시,그 외 기타 달리 분류되지 않은 개인 서비스업,,,,
백퍼센트,중소기업,서울 구로구,"컴퓨터 및 주변장치, 소프트웨어 도매업",,,,
포인블랙,중소기업,경기 안양시,응용 소프트웨어 개발 및 공급업,,,,
우석전자씨스템,중소기업,서울 강남구,전기경보 및 신호장치 제조업,,,,
거성건설,중소기업,경기 시흥시,"도배, 실내장식 및 내장 목공사업",,,,
거성건설,중소기업,경북 영양군,건설·시공·토목·조경,,,,
오토카,중소기업,서울 성동구,자동차 신품 판매업,"5,000만원",77억 4천만원,박종태/유우재,2014.06.05
오토카,중소기업,서울 도봉구,렌탈·임대·리스,1억원,35억,이성희,2023.03.01
오토카,중소기업,경기 안산시,자동차 임대업,"1억 6,000만원","6억 3,995만원",김진영,2010.07.01
오토카,중소기업,경기 수원시,자동차 임대업,1억원,17억 1천만원,공선기,2020.05.20
오토카,중소기업,경기 김포시,렌탈·임대·리스,5억원,18억 2천만원,"김영표, 박영협",2017.01.01
오토카,중소기업,대구 달서구,렌탈·임대·리스,,,,
오토카,중소기업,경기 의왕시,자동차 임대업,,,,
오토카,중소기업,부산 사상구,기타 운송장비 임대업,,,,
예은건설,중소기업,서울 양천구,기타 비주거용 건물 건설업,,,,
예은건설,중소기업,인천 남동구,건축·설비·환경,,,,
예은건설,중소기업,경기 성남시,건설·시공·토목·조경,,,,
예은건설,중소기업,대전 중구,단독 주택 건설업,,,,
예은건설,중소기업,서울 광진구,건설·시공·토목·조경,,,,
예은건설,중소기업,서울 송파구,건설·시공·토목·조경,,,,
예은건설,중소기업,서울 마포구,기타 비주거용 건물 건설업,,,,
예은건설,중소기업,인천 서구,단독 주택 건설업,5억원,117억 4천만원,정창표,1997.04.08
예은건설,중소기업,부산 강서구,건설·시공·토목·조경,5억원,77억 4천만원,장종진,2018
예은건설,중소기업,서울 강남구,주거용 건물 건설업,17억 9천만원,37억 6천만원,강호필,2010.12.17
우영에스엔엘,중소기업,부산 남구,그 외 기타 분류 안된 사업지원 서비스업,,,,
효동선박,중소기업,서울 강남구,물류·운송·배송,,,,
효동선박,중소기업,부산 중구,내항 화물 운송업,,,,
나루,중소기업,서울 마포구,호텔업,,,,
나루,중소기업,서울 송파구,음식료·외식·프랜차이즈,,,,
나루,중소기업,서울 마포구,디자인·CAD,,,,
나루,중소기업,서울 마포구,그 외 기타 봉제의복 제조업,,,,
나루,중소기업,경기 성남시,상품 종합 도매업,,,,
나루,중소기업,서울 강남구,"도배, 실내장식 및 내장 목공사업",,,,
나루,중소기업,강원 원주시,인테리어·자재,,,,
나루,중소기업,서울 강남구,아파트 건설업,1억원,20억 8천만원,전종훈,2014.04.10
나루,중소기업,대구 수성구,비주거용 건물 임대업,1억원,29억 6천만원,이유성,2011.02.09
나루,중소기업,대구 수성구,광고 대행업,-,-,임채영,2019.01.01
송림산업개발,중소기업,서울 서초구,조경 건설업,,,,
송림산업개발,중소기업,경기도 파주시,비주거용 건물 개발 및 공급업,,,,
도명디앤이,중소기업,서울 강남구,기타 엔지니어링 서비스업,,,,
농업회사법인마암,중소기업,충청남도 공주시,"수산동물 훈제, 조리 및 유사 조제식품 제조업",,,,
천진,중소기업,부산 부산진구,간판 및 광고물 제조업,,,,
천진,중소기업,경남 창원시,측량업,,,,
천진,중소기업,경기 시흥시,기계·기계설비,,,,
천진,중소기업,서울 광진구,커피 및 차류 도매업,,,,
천진,중소기업,서울 중구,호텔·여행·항공,,,,
천진,중소기업,강원 고성군,화장품 및 화장용품 도매업,1억원,10억 1천만원,이장훈,2005.03.03
진종합건설,중소기업,경기 화성시,건물 건설업,"5억 1,000만원",237억 4천만원,김수진,2013.04.01
삼번,중소기업,인천 남동구,기타 생활용 섬유 및 직물제품 도매업,,,,
삼번,중소기업,경기 김포시,쇼핑몰·오픈마켓·소셜커머스,,,,
유일전기공사,중소기업,전남 목포시,내부 전기배선 공사업,,,,
이지가구,중견기업,인천 부평구,산업처리공정 제어장비 제조업,18억 9천만원,483억 5천만원,김남균,2002.04.01
이지가구,중소기업,부산 부산진구,사업시설 유지.관리 서비스업,"5억 5,000만원",51억 9천만원,김호협/장광회,2008.10.07
이지가구,중소기업,서울 금천구,사업시설 유지.관리 서비스업,,,,
이지가구,중소기업,경기 광주시,목재·제지·가구,,,,
이지가구,중소기업,경기 화성시,그 외 기타 종이 및 판지 제품 제조업,,,,
이지가구,중소기업,인천 미추홀구,일반전기 공사업,,,,
이지가구,중소기업,경기 성남시,경영 컨설팅업,,,,
이지가구,중소기업,서울 종로구,음식료·외식·프랜차이즈,-,-,리원쉐,2021.03.25
이지가구,중소기업,경기 광주시,기타 목재가구 제조업,"5,000만원",25억 6천만원,안재석,2020.06.04
이지가구,중소기업,제주 서귀포시,음식료·외식·프랜차이즈,-,-,고정숙,-
우경,중견기업,경기 군포시,토목시설물 건설업,,,,
우경,중소기업,광주 광산구,전자감지장치 제조업,,,,
우경,중소기업,경기 용인시,전기·전자·제어,,,,
우경,중소기업,경기 성남시,토목시설물 건설업,,,,
우경,중소기업,대구 수성구,응용 소프트웨어 개발 및 공급업,,,,
우경,중소기업,부산 동래구,건물 및 토목 엔지니어링 서비스업,,,,
우경,중소기업,경기 평택시,전기·전자·제어,,,,
우경,중소기업,충북 청주시,호텔·여행·항공,,,,
우경,중소기업,경기 안양시,건설·시공·토목·조경,,,,
우경,중소기업,경기 용인시,비주거용 건물 개발 및 공급업,,,,
텍트리,중소기업,경기 수원시,그 외 기타 특수목적용 기계 제조업,,,,
텍트리,중소기업,경북 칠곡군,기계·기계설비,,,,
텍트리,중소기업,서울 구로구,동력식 수지공구 제조업,,,,
텍트리,중소기업,경북 칠곡군,수동식 식품 가공기기 및 금속 주방용기 제조업,,,,
텍트리,중소기업,서울 송파구,채소작물 재배업,7억원,92억,이한식,1975.12.06
텍트리,중소기업,서울 구로구,전기·전자·제어,-,-,남흥우,2010.07.01
세종하이테크,중소기업,인천광역시 계양구,기계·기계설비,,,,
세종하이테크,중견기업,서울 중구,호텔업,,,,
세종하이테크,중소기업,서울 중구,출판·인쇄·사진,,,,
세종하이테크,중견기업,경기 용인시,그 외 자동차용 신품 부품 제조업,,,,
세종하이테크,중견기업,서울 강동구,일반전기 공사업,,,,
세종하이테크,비영리법인,세종 조치원읍,기타 인문 및 사회과학 연구개발업,82억 1백만원,"1억 4,520만원",양현봉,2019.07.18
세종하이테크,비영리법인,경기 여주시,그 외 기타 협회 및 단체,-,-,이순열,2017.11.15
세종하이테크,대기업,대전 유성구,학습지·방문교육,"1억 5,000만원",58억 4천만원,이성운,2006.07.03
세종하이테크,중견기업,서울 종로구,변호사업,오종한,"변호사,세무사,학술연구 용역","국민연금, 건강보험, 고용보험, 산재보험",1981.04.01
세종하이테크,대기업,세종 장군면,식품가공,,,,
금강종합건설,중소기업,전북 전주시,기타 토목시설물 건설업,,,,
금강종합건설,중소기업,대전 대덕구,기타 비주거용 건물 건설업,,,,
금강종합건설,중소기업,충북 영동군,기타 토목시설물 건설업,"8억 6,000만원","4억 8,476만원",서정하,2002.11.01
금강종합건설,중소기업,강원 속초시,사무.상업용 및 공공기관용 건물 건설업,,,,
금강종합건설,중소기업,광주 남구,기타 비주거용 건물 건설업,5억원,36억 1천만원,김찬웅,2019.05.20
금강종합건설,중소기업,대구 북구,정비·A/S·카센터,"1억 6,000만원",9억,오효석,1995.03.27
금강종합건설,중소기업,인천 서구,영화관 운영업,65억원,29억 6천만원,박민서,2019.01.01
건영전력,중소기업,제주 제주시,내부 통신배선 공사업,,,,
드림이에스,중소기업,대전 중구,임시 및 일용 인력 공급업,,,,
드림이에스,중소기업,서울 송파구,기타 주변기기 제조업,,,,
드림이에스,중소기업,대전 유성구,기계·기계설비,,,,
드림이에스,중소기업,광주 광산구,금속·재료·자재,,,,
드림이에스,중소기업,서울 마포구,매니저업,,,,
드림이에스,중소기업,경기 용인시,경영 컨설팅업,,,,
드림이에스,중소기업,서울 성북구,남녀용 겉옷 및 셔츠 도매업,,,,
드림이에스,중소기업,경기 용인시,"장난감 및 취미, 오락용품 도매업",,,,
드림이에스,중소기업,서울 중랑구,남녀용 겉옷 및 셔츠 도매업,,,,
드림이에스,중소기업,서울 영등포구,상품 종합 도매업,,,,
에스지에너지,중소기업,경기 안양시,산업용 냉장 및 냉동 장비 제조업,,,,
에스지에너지,중소기업,경기 파주시,운송장비용 주유소 운영업,,,,
에스지에너지,중소기업,경기 양주시,"증기, 냉.온수 및 공기조절 공급업",,,,
에스지에너지,중소기업,인천 서구,배관 및 냉ㆍ난방 공사업,,,,
에스지에너지,중소기업,서울 금천구,건축·설비·환경,,,,
에스지에너지,중소기업,충북 청주시,그 외 기타 건축자재 도매업,,,,
에스지에너지,중소기업,경기 고양시,서양식 음식점업,,,,
제일기건,중소기업,경기 양주시,건설·시공·토목·조경,,,,
삼일화스너,중소기업,경기 안산시,금속 단조제품 제조업,,,,
인우에프에스,중소기업,서울 송파구,전자상거래 소매업,,,,
디와이엘씨디,중소기업,경기 화성시,플라스틱 창호 제조업,9억원,40억 7천만원,석동석,2010.09.17
앰트,중소기업,서울 성동구,섬유·의류·패션,,,,
앰트,벤처기업,충남 예산군,화학·에너지·환경,,,,
글로리,중소기업,서울 서초구,일반 의원,,,,
글로리,중소기업,경기 이천시,위생용 종이제품 제조업,,,,
글로리,중소기업,인천 부평구,제약·보건·바이오,,,,
글로리,중소기업,서울 중구,쇼핑몰·오픈마켓·소셜커머스,,,,
글로리,중소기업,인천 남동구,가전제품 소매업,,,,
글로리,중소기업,경기 고양시,백화점·유통·도소매,,,,
글로리,중소기업,인천 부평구,그 외 자동차용 신품 부품 제조업,-,-,주영광,-
글로리,중소기업,경기 성남시,전자상거래 소매 중개업,-,-,임은영,-
글로리,중소기업,인천 서구,산업용 냉장 및 냉동 장비 제조업,9억원,100억 2백만원,김시준,2009.09.02
글로리,중소기업,부산 금정구,생활용품·소비재·기타,,,,
하나비앤씨건설,중소기업,경남 김해시,시설물 유지관리 공사업,,,,
아이클라우드,중소기업,서울 영등포구,컴퓨터시스템 통합 자문 및 구축 서비스업,,,,
아이클라우드,중소기업,인천 부평구,솔루션·SI·CRM·ERP,,,,
아람솔루션,중소기업,전북 전주시,솔루션·SI·CRM·ERP,2억원,20억,이준,2009.04.03
아람솔루션,중소기업,경기 파주시,컴퓨터·하드웨어·장비,1억원,5억,권진웅,2006.11.16
타이거석재,중소기업,인천 중구,무역·상사,,,,
씨케이솔루션,대기업 계열사·자회사,서울 송파구,컴퓨터·하드웨어·장비,,,,
씨케이솔루션,중소기업,서울 금천구,데이터베이스 및 온라인정보 제공업,,,,
씨케이솔루션,중소기업,경기 과천시,정보보안,,,,
씨케이솔루션,대기업,서울 서초구,포장용 유리용기 제조업,,,,
씨케이솔루션,중견기업,경기 용인시,기계·기계설비,,,,
씨케이솔루션,중견기업,충남 천안시,금속·재료·자재,,,,
씨케이솔루션,중소기업,서울 은평구,콜센터·아웃소싱·기타,2억원,20억,유영옥,2020.03.01
씨케이솔루션,벤처기업,서울 서초구,반도체·디스플레이·광학,,,,
씨케이솔루션,중소기업,서울 송파구,응용 소프트웨어 개발 및 공급업,,,,
씨케이솔루션,중소기업,서울 강남구,무역·상사,,,,
국방기술품질원,공공기관,경남 진주시,국방 행정,,,,
더오포,벤처기업,경기 성남시,화학·에너지·환경,,,,
티디에이종합건설,중소기업,경기 성남시,건설·시공·토목·조경,,,,
대영라이팅,중소기업,인천 서구,일반용 전기 조명장치 제조업,,,,
목포해상케이블카,중소기업,전남 목포시,서치펌·헤드헌팅,,,,
대화엔지니어링,중소기업,울산 남구,기타 물품 취급장비 제조업,,,,
성진토건,중소기업,경기 화성시,콘크리트 및 철근 공사업,,,,
성진토건,중소기업,충남 부여군,건물 건설업,,,,
성진토건,중소기업,경기 구리시,건설·시공·토목·조경,,,,
대영넥스젠,중소기업,경남 사천시,육상 금속 골조 구조재 제조업,,,,
신성소재,중소기업,충북 진천군,그 외 기타 분류 안된 화학제품 제조업,,,,
신성소재,중소기업,경기 안성시,화학·에너지·환경,,,,
고릴라브루잉컴퍼니,중소기업,부산 수영구,맥아 및 맥주 제조업,,,,
누리종합전기,중소기업,서울 강남구,일반전기 공사업,,,,
알에스솔루션즈,중소기업,경기 성남시,응용 소프트웨어 개발 및 공급업,,,,
유신단열,중소기업,부산 동래구,암면 및 유사제품 제조업,,,,
더원,중소기업,서울 강남구,응용 소프트웨어 개발 및 공급업,,,,
더원,중소기업,제주 제주시,골프장 운영업,,,,
더원,중소기업,서울 마포구,방송 프로그램 제작업,,,,
더원,중소기업,경기 포천시,식품가공,,,,
더원,중소기업,인천 연수구,호텔·여행·항공,,,,
더원,중소기업,인천 남동구,생활화학·화장품,,,,
더원,중소기업,서울 강남구,음식료·외식·프랜차이즈,,,,
더원,중소기업,서울 강동구,간판 및 광고물 제조업,,,,
더원,중소기업,제주 제주시,호텔업,,,,
더원,중소기업,강원 원주시,건물 및 구축물 해체 공사업,,,,
신성이엔지,중소기업,부산 연제구,건축·설비·환경,,,,
신성이엔지,중소기업,경기 시흥시,산업용 냉장 및 냉동 장비 제조업,,,,
신성이엔지,중견기업,경기 성남시,"다이오드, 트랜지스터 및 유사 반도체소자 제조업",,,,
신성이엔지,중소기업,서울 강남구,금융리스업,,,,
신성이엔지,중소기업,경기 과천시,기타 엔지니어링 서비스업,,,,
신성이엔지,중소기업,경기 성남시,전기·전자·제어,,,,
삼호정공,중소기업,광주 광산구,"금속 문, 창, 셔터 및 관련제품 제조업",,,,
하이센스바이오,중소기업,경기 과천시,의학 및 약학 연구개발업,,,,
샤론일렉콤,중소기업,경기 오산시,일반전기 공사업,,,,
에스이솔루션,중소기업,경기 수원시,환경 관련 엔지니어링 서비스업,,,,
에스이솔루션,중소기업,경기 하남시,기타 엔지니어링 서비스업,,,,
에스이솔루션,중소기업,충남 천안시,물류·운송·배송,,,,
디오팩토리,중소기업,서울 금천구,시스템 소프트웨어 개발 및 공급업,,,,
디오팩토리,중소기업,경기 평택시,광고·홍보·전시,,,,
광일산업,중소기업,충청남도 금산군,자동차·조선·철강·항공,,,,
광일산업,중소기업,광주 광산구,육상 금속 골조 구조재 제조업,,,,
광일산업,중소기업,경기 고양시,그 외 기타 기계 및 장비 도매업,,,,
예천,공공기관,경북 예천군,지방행정 집행기관,,,,
예천,중소기업,부산 부산진구,백화점·유통·도소매,,,,
예천,중소기업,경북 예천군,탁주 및 약주 제조업,,,,
예천,국내 공공기관·공기업,경북 예천군,공기업·공공기관,,,,
예천,비영리법인,경북 예천군,신용조합,,,,
예천,비영리법인,경북 예천군,신용조합,,,,
예천,비영리법인,경상북도 예천군,그 외 기타 협회 및 단체,,,,
예천,비영리단체·교육재단,경북 예천군,협회·단체,,,,
에이에프텍,중소기업,서울 마포구,통신.방송장비 및 부품 도매업,,,,
에이에프텍,중소기업,경기 화성시,화학·에너지·환경,,,,
상지건설,중소기업,광주 남구,건설·시공·토목·조경,,,,
상지건설,중소기업,충북 청주시,사무.상업용 및 공공기관용 건물 건설업,,,,
아이엔솔루션,중소기업,서울 강남구,금속·재료·자재,,,,
아이엔솔루션,중소기업,경기 과천시,정보보안,3억원,120억,최동성,1997
아이엔솔루션,중소기업,부산 동구,네트워크·통신서비스,"1억 5,000만원",80억,김정례,2011.08.01
아이엔솔루션,벤처기업,경기도 화성시,기계·기계설비,-,-,서태운,2010.06.21
아이엔솔루션,벤처기업,경기도 시흥시,금속·재료·자재,"9억 9,000만원",16억 8천만,이영순,2013.07.15
아이엔솔루션,중소기업,경남 통영시,"기타 기술 시험, 검사 및 분석업",1억원,97억 2천만원,이기태,2014.10.01
아이엔솔루션,중소기업,서울 서초구,사업시설 유지.관리 서비스업,-,-,김영숙,2017.01.31
아이엔솔루션,중소기업,경기 남양주시,응용 소프트웨어 개발 및 공급업,"1,000만원",2억 402만원,권현철,2019.10.15
아이엔솔루션,중소기업,서울 중구,응용 소프트웨어 개발 및 공급업,7억 185만원,25억 2천만원,김효준,2005.03.22
아이엔솔루션,중소기업,광주 북구,광학렌즈 및 광학요소 제조업,"1억 9,986만원",38억 7천만원,이경석,2009.09.23
로그프레소,중소기업,서울 마포구,응용 소프트웨어 개발 및 공급업,,,,
벌교꼬막,중소기업,전남 보성군,"수산동물 훈제, 조리 및 유사 조제식품 제조업",,,,
벌교꼬막,중소기업,인천 동구,한식 일반 음식점업,,,,
벌교꼬막,중소기업,서울 중랑구,한식 해산물요리 전문점,,,,
성호하이텍,중소기업,대구 서구,금속 절삭기계 제조업,,,,
제이와이,중견기업,서울 강동구,연예·엔터테인먼트,,,,
제이와이,대기업 계열사·자회사,서울 강동구,연예·엔터테인먼트,,,,
제이와이,중소기업,서울 금천구,학원·어학원·교육원,,,,
제이와이,중소기업,경기 광주시,전기·전자·제어,,,,
제이와이,중소기업,경북 구미시,전기·전자·제어,,,,
제이와이,중소기업,서울 강서구,광고·홍보·전시,,,,
제이와이,중소기업,경기 성남시,측량업,,,,
제이와이,중소기업,인천 연수구,그 외 기타 전자부품 제조업,,,,
제이와이,중소기업,경기 광주시,구두류 제조업,,,,
제이와이,중소기업,전남 광양시,선박 구성 부분품 제조업,,,,
한국광유,중소기업,대구 중구,통신.방송장비 및 부품 도매업,,,,
이앤원,중소기업,경기 용인시,상용 인력 공급 및 인사관리 서비스업,,,,
이앤원,중소기업,경기 화성시,건축·설비·환경,,,,
이앤원,중소기업,광주 광산구,비주거용 건물 임대업,,,,
이앤원,중소기업,대전 유성구,운동 및 경기용품 도매업,,,,
이앤원,중소기업,서울 마포구,문화·공연·예술,1억원,3억,이제이,2022.06.15
이앤원,비영리단체·교육재단,부산 금정구,사회복지·요양,,,,
이앤원,중소기업,서울 강북구,콜센터·아웃소싱·기타,,,,
이앤원,중소기업,강원 원주시,정비·A/S·카센터,,,,
세화엔스텍,중소기업,인천 서구,화학·에너지·환경,,,,
알스퀘어디자인,중소기업,서울 강남구,"도배, 실내장식 및 내장 목공사업",,,,
화진데이크로,중소기업,제주 제주시,도금업,,,,
페라솔루션,중소기업,서울 중구,응용 소프트웨어 개발 및 공급업,,,,
한국프라마스,중소기업,충남 아산시,신발 부분품 제조업,,,,
네오코드아이엔에스,중소기업,서울 구로구,컴퓨터·하드웨어·장비,,,,
이토마토,중소기업,서울 마포구,데이터베이스 및 온라인정보 제공업,,,,
이토마토,중소기업,부산 사하구,기타 엔지니어링 서비스업,,,,
이토마토,중소기업,대구 달성군,조경 건설업,,,,
이토마토,중소기업,충남 천안시,단독 주택 건설업,,,,
알리스타종사,중소기업,서울 성동구,광고 대행업,,,,
제타미디어,중소기업,서울 서초구,솔루션·SI·CRM·ERP,,,,
씨자인,중소기업,경기 성남시,전기·전자·제어,,,,
씨자인,중소기업,서울 서대문구,시설관리·보안·경비,,,,
씨자인,중소기업,경기 안산시,부동산·중개·임대,,,,
정선이엔아이,중소기업,충북 청주시,건축·설비·환경,-,-,이승찬,-
정일,중소기업,서울 용산구,원양 어업,,,,
정일,중견기업,울산 울주군,위험물품 보관업,,,,
정일,대기업,울산 울주군,수상 화물 취급업,,,,
정일,중소기업,경기 양주시,건설용 석제품 제조업,,,,
정일,중소기업,부산 서구,냉장 및 냉동 창고업,,,,
정일,중소기업,서울 서초구,부동산 감정평가업,,,,
정일,중소기업,인천 미추홀구,일반 교과 학원,,,,
정일,중소기업,서울 구로구,공인회계사업,,,,
정일,중소기업,서울 금천구,전기·전자·제어,,,,
정일,중소기업,경기 김포시,생활용품·소비재·기타,,,,
시노펙스,중견기업,경기 화성시,전기·전자·제어,,,,
시노펙스,중소기업,서울 중구,그 외 기타 금융 지원 서비스업,,,,
시노펙스,중소기업,경기 화성시,생활용품·소비재·기타,,,,
시노펙스,중소기업,부산 사상구,폐수 처리업,,,,
시노펙스,중견기업,경북 포항시,그 외 기타 종이 및 판지 제품 제조업,,,,
시노펙스,중소기업,서울 강남구,그 외 기타 상품 전문 도매업,,,,
신비넷,중소기업,부산 중구,네트워크·통신서비스,,,,
신비넷,벤처기업,서울 구로구,모바일·APP,,,,
태영이앤티서울지사,중소기업,서울 동작구,제약·보건·바이오,,,,
진영건설,중소기업,충남 아산시,기타 토목시설물 건설업,,,,
진영건설,중소기업,서울 강서구,건물 건설업,,,,
진영건설,중소기업,서울 송파구,기타 공동 주택 건설업,,,,
진영건설,중소기업,부산 강서구,배관 및 냉ㆍ난방 공사업,,,,
대명코리아,중소기업,경기 포천시,금속·재료·자재,,,,
대명코리아,중소기업,경기도 화성시,보험 대리 및 중개업,,,,
대명코리아,중소기업,대구 남구,자동차 전문 수리업,,,,
영암산업,중소기업,경기 포천시,기계·기계설비,,,,
비아이씨엔에스,중소기업,경기 성남시,IT컨설팅,,,,
비아이씨엔에스,중소기업,서울 영등포구,응용 소프트웨어 개발 및 공급업,,,,
비아이씨엔에스,중소기업,인천 동구,도장 공사업,,,,
비아이씨엔에스,중소기업,경기 수원시,기계·기계설비,,,,
와이즈브레인,중소기업,경기 용인시,그 외 기타 분류 안된 사업지원 서비스업,,,,
에이티솔루션,중소기업,경기 오산시,생활용품·소비재·기타,,,,
에이티솔루션,중소기업,인천 서구,도장 및 기타 피막처리업,,,,
에이티솔루션,중소기업,경기 군포시,유선 통신장비 제조업,,,,
에이티솔루션,중소기업,서울 강남구,시스템 소프트웨어 개발 및 공급업,,,,
에이티솔루션,중소기업,경기 부천시,기계·기계설비,,,,
에이티솔루션,중소기업,서울 강서구,전기·전자·제어,,,,
나노에스엠,중소기업,경기 수원시,상품 종합 도매업,,,,
나노에스엠,중소기업,경기 남양주시,백화점·유통·도소매,,,,
나노에스엠,중소기업,대전 유성구,"산업용 오븐, 노 및 노용 버너 제조업",,,,
나노에스엠,중소기업,충북 청주시,"골재, 벽돌 및 시멘트 도매업",,,,
동경건설,중소기업,전북 전주시,기타 토목시설물 건설업,,,,
동경건설,중소기업,경기 수원시,주거용 건물 건설업,,,,
동경건설,중소기업,서울특별시 강남구,단독 주택 건설업,,,,
동경건설,중소기업,울산 중구,비계 및 형틀 공사업,,,,
동경건설,중소기업,부산 금정구,"미장, 타일 및 방수 공사업",,,,
케이시스템,벤처기업,경기 용인시,기계·기계설비,,,,
케이시스템,중소기업,경남 창원시,사업시설 유지.관리 서비스업,,,,
케이시스템,중소기업,인천 미추홀구,콜센터·아웃소싱·기타,,,,
케이시스템,중소기업,경북 포항시,컴퓨터 제조업,,,,
케이시스템,중소기업,경기 시흥시,기계·기계설비,,,,
케이시스템,중소기업,경기 부천시,그 외 기타 전자부품 제조업,,,,
케이시스템,중소기업,서울 구로구,전기용 기계.장비 및 관련 기자재 도매업,,,,
케이시스템,벤처기업,경기 오산시,전기·전자·제어,"5,000만원",97억 3천만,황보동식,2012.07.18
케이시스템,중소기업,서울 성동구,컴퓨터 프로그래밍 서비스업,"5,000만원","7억 3,392만원",강동균,2004.03.18
케이시스템,중소기업,경기 안양시,그 외 기타 전자부품 제조업,,,,
다산건설,중소기업,서울 강남구,건물 건설업,,,,
다산건설,중소기업,서울 송파구,건설·시공·토목·조경,,,,
다산건설,중소기업,경기 남양주시,조적 및 석 공사업,,,,
다산건설,중소기업,서울 강남구,콘크리트 및 철근 공사업,,,,
삼은개발,중소기업,부산 연제구,제약·보건·바이오,,,,
삼은개발,중소기업,서울 강남구,주거용 건물 개발 및 공급업,,,,
삼은개발,중소기업,경기 수원시,고용 알선업,,,,
삼은개발,중소기업,경기 부천시,건설·시공·토목·조경,,,,
삼은개발,중소기업,충북 청주시,부동산·중개·임대,,,,
삼은개발,중소기업,경남 사천시,골프장 운영업,,,,
삼은개발,중소기업,경기 남양주시,비주거용 건물 개발 및 공급업,,,,
삼은개발,중소기업,서울 강남구,아파트 건설업,,,,
삼은개발,중소기업,제주 제주시,유리 및 창호 공사업,,,,
삼은개발,중소기업,부산 부산진구,비주거용 건물 임대업,,,,
누리랩,중소기업,서울 영등포구,응용 소프트웨어 개발 및 공급업,,,,
누리랩,중소기업,부산 남구,IT컨설팅,,,,
뉴하나회,중소기업,전남 고흥군,비주거용 부동산 관리업,,,,
한그린테크,벤처기업,서울 금천구,화학·에너지·환경,,,,
풀토래,중소기업,대구 서구,가금류 도축업,,,,
그래,중소기업,서울 강남구,남녀용 겉옷 및 셔츠 도매업,,,,
그래,중소기업,서울 종로구,신발 도매업,,,,
그래,중소기업,경기 용인시,음식료·외식·프랜차이즈,,,,
그래,중소기업,서울 용산구,음식료·외식·프랜차이즈,,,,
그래,중소기업,대구 달성군,전자상거래 소매 중개업,,,,
그래,중소기업,경기 성남시,콜센터·아웃소싱·기타,-,-,김연진,-
그래,중소기업,대전 동구,가금류 가공 및 저장 처리업,,,,
그래,중소기업,경기 광명시,기타 인쇄업,,,,
신화컨소시엄,중소기업,경기 김포시,가전제품 및 부품 도매업,,,,
유닉코리아,중소기업,부산 남구,수송용 운송장비 도매업,,,,
미션테크,중소기업,인천 미추홀구,그 외 기타 전자부품 제조업,,,,
유림퍼니처,중소기업,강원 속초시,기타 목재가구 제조업,,,,
그린개발,중소기업,인천 서구,화학·에너지·환경,,,,
그린개발,중소기업,광주 북구,시설물 유지관리 공사업,,,,
그린개발,중소기업,경기 안양시,배관 및 냉ㆍ난방 공사업,,,,
그린개발,중소기업,서울 광진구,부동산·중개·임대,,,,
그린개발,중소기업,인천 미추홀구,기타 옥외 시설물 축조 관련 전문공사업,,,,
그린개발,중소기업,서울 송파구,"미장, 타일 및 방수 공사업",,,,
그린개발,중소기업,광주 북구,건물 및 구축물 해체 공사업,,,,
그린개발,중소기업,경기 용인시,부동산 중개 및 대리업,,,,
그린개발,중소기업,경기 안산시,건축·설비·환경,,,,
승원철강,중소기업,경기 시흥시,1차 금속제품 도매업,,,,
맥스인,중소기업,인천 서구,전기·전자·제어,,,,
맥스인,중소기업,서울 중구,보험 대리 및 중개업,,,,
맥스인,중소기업,충북 청주시,네트워크·통신서비스,,,,
맥스인,중소기업,서울 성북구,그 외 기타 상품 전문 도매업,,,,
맥스인,중소기업,서울 금천구,기타 산업용 기계 및 장비 도매업,,,,
맥스인,중소기업,충남 천안시,증권·보험·카드,,,,
맥스인,중소기업,서울 금천구,통신기기 소매업,,,,
맥스인,중소기업,울산 북구,배전반 및 전기 자동제어반 제조업,,,,
맥스인,중소기업,서울 강동구,건축·설비·환경,,,,
강동문화원,비영리법인,서울 강동구,기타 비거주 복지 서비스업,,,,
대지,중소기업,대구 달서구,자동차·조선·철강·항공,,,,
대지,대기업,서울 강남구,백화점·유통·도소매,,,,
대지,중소기업,전북 익산시,상용 인력 공급 및 인사관리 서비스업,,,,
대지,중소기업,충북 음성군,그 외 자동차용 신품 부품 제조업,,,,
대지,중소기업,대전 유성구,상품 종합 도매업,,,,
대지,중소기업,충북 음성군,자동차·조선·철강·항공,,,,
대지,중소기업,경기 양평군,골프장 운영업,,,,
대지,중소기업,경기 용인시,차체 및 특장차 제조업,,,,
대지,중소기업,대구 달성군,배전반 및 전기 자동제어반 제조업,,,,
대지,중소기업,충남 천안시,화학·에너지·환경,,,,
한호,중소기업,경기 안양시,전기·전자·제어,,,,
한호,중소기업,전북 완주군,그 외 자동차용 신품 부품 제조업,,,,
한호,중소기업,서울 송파구,일반 의원,,,,
한호,중소기업,경북 경주시,그 외 자동차용 신품 부품 제조업,,,,
한호,중소기업,서울특별시 송파구,건설ㆍ광업용 기계 및 장비 도매업,,,,
한호,중소기업,전북 익산시,물류·운송·배송,,,,
한호,중소기업,경기 안양시,디자인·CAD,,,,
한호,중소기업,경기 수원시,그 외 기타 스포츠 서비스업,,,,
포엠인포텍,중소기업,서울 금천구,응용 소프트웨어 개발 및 공급업,,,,
동신기공,중소기업,인천 남동구,"라디오, 녹음 및 재생 기기 제조업",,,,
드림건설,중소기업,부산 해운대구,기타 공동 주택 건설업,,,,
드림건설,중소기업,경기도 안양시,건설·시공·토목·조경,,,,
드림건설,중소기업,경기 고양시,그 외 기타 건축 마무리 공사업,,,,
드림건설,중소기업,서울 양천구,건물 건설업,,,,
드림건설,중소기업,충남 천안시,조경 건설업,,,,
드림건설,중소기업,경기 파주시,사무.상업용 및 공공기관용 건물 건설업,,,,
드림건설,중소기업,대전 중구,건설·시공·토목·조경,,,,
드림건설,중소기업,경기 안성시,기타 비주거용 건물 건설업,,,,
드림건설,중소기업,경기 화성시,주거용 건물 건설업,5억원,20억 2천만원,김필균/홍지영,2018.05.10
가야종합건설,중소기업,서울 광진구,건물 건설업,5억원,35억 6천만원,김병화,2012.05.16
가야종합건설,중소기업,서울 영등포구,유리 및 창호 공사업,"5억 1,000만원",50억 1천만원,이관수,2014.07.24
올포원프레이트,중소기업,서울 금천구,"화물운송 중개, 대리 및 관련 서비스업",3억원,89억 9천만원,최용,2018.09.13
경원통신건설,중소기업,전북 전주시,일반 통신 공사업,4억원,"8억 3,235만원",김중석,2002.02.01
대동종합건설,중소기업,울산 남구,토목시설물 건설업,,,,
부흥,중소기업,부산 강서구,육상 금속 골조 구조재 제조업,,,,
부흥,중소기업,인천 남동구,전자 악기 제조업,,,,
부흥,중소기업,경기 하남시,가전제품 및 부품 도매업,,,,
부흥,중견기업,경남 함양군,호텔·여행·항공,,,,
부흥,중소기업,서울 구로구,건설·시공·토목·조경,,,,
부흥,중소기업,부산 강서구,무기 및 총포탄 제조업,,,,
부흥,중소기업,부산 남구,컨설팅·연구·조사,,,,
부흥,중소기업,충남 천안시,자동차·조선·철강·항공,,,,
부흥,중소기업,경기 의정부시,택시 운송업,-,-,김종섭,1979.11.27
부흥,벤처기업,경기 화성시,전기·전자·제어,"5,000만원",142억 6천만원,정인균,2004.11.01
디비종합건설,중견기업,경기 고양시,주거용 건물 개발 및 공급업,3억원,10억 4천만원,장지연,2015.08.22
에이스엠,중소기업,경기 수원시,경비 및 경호 서비스업,10억원,170억 8천만원,윤여선,2011.01.01
에이스엠,중소기업,경기 용인시,전자감지장치 제조업,2억원,"7억 9,497만원",김용화,2008.01.21
에이스엠,중소기업,경기 안성시,기타 과실ㆍ채소 가공 및 저장 처리업,,,,
에이스엠,중소기업,서울 영등포구,백화점·유통·도소매,,,,
에이스엠,중소기업,서울 송파구,"빵류, 과자류, 당류, 초콜릿 도매업",,,,
에이스엠,중소기업,경기 광명시,그 외 기타 생활용품 도매업,,,,
에이스엠,중소기업,서울 서초구,시설관리·보안·경비,,,,
에이스엠,중소기업,부산광역시 영도구,그 외 기타 상품 전문 도매업,10억원,300억 7백만원,이기주,2015.07.01
에이스엠,중소기업,경북 경산시,기타 자동차 신품 부품 및 내장품 판매업,,,,
화신특수휠타,중소기업,경남 김해시,화학섬유직물 직조업,40억 3천만원,92억 3천만원,조인순/조성일,1993.07.20
핸디엄,중소기업,서울 강남구,식품가공,31억 5천만원,82억,한준성,2013.04.08
비브로,중소기업,서울 강남구,방송·케이블·프로덕션,"5억 6,665만원",243억(`23년),김세규,2006.07.01
비브로,중소기업,경기 김포시,화장품 및 화장용품 도매업,신상현,,"화장품,화장용품,상품종합 도소매/종이,판지제품,사무용 기계,장비 제조/광고 대행,포장,충전",2021.05.12
비브로,중소기업,서울 관악구,기타 가공식품 도매업,2억원,74억 6천만원,김형철/심으뜸,2020.10.15
비브로,중소기업,부산 부산진구,쇼핑몰·오픈마켓·소셜커머스,,,,
비브로,중소기업,충남 천안시,쇼핑몰·오픈마켓·소셜커머스,,,,
비브로,중소기업,서울 강남구,편조의복 제조업,,,,
비브로,중소기업,경기 성남시,전기·전자·제어,,,,
비브로,중소기업,충남 천안시,음식료·외식·프랜차이즈,,,,
비브로,중소기업,서울 마포구,만화 출판업,"5,000만원",11억 2천만원,정상훈,2017.03.17
비브로,중소기업,서울 서초구,상품 종합 도매업,"2,000만원",56억 8천만원,김종수,2005.11.15
이엘씨에이한국,중견기업,서울 강남구,화장품 및 화장용품 도매업,28억 1천만원,"5,030억 8천만원",장알렉상드르폴앙리아바르,1991.10.01
포유,중소기업,서울 중구,상용 인력 공급 및 인사관리 서비스업,1억원,80억 1백만원,이정영,2001.12.15
포유,삼구아이앤씨 계열사,서울 동작구,사업시설 유지.관리 서비스업,5억원,575억 4천만원,"민영준, 허인구",2005.07.01
포유,중견기업,서울 강남구,쇼핑몰·오픈마켓·소셜커머스,2억원,"1,147억 2천만",송효민,2011.08.01
포유,중소기업,서울 강남구,솔루션·SI·CRM·ERP,,,,
포유,중소기업,경기 고양시,전기·전자·제어,,,,
포유,일반법인,경기 수원시,그 외 기타 달리 분류되지 않은 제품 제조업,,,,
포유,중소기업,서울 금천구,가죽의복 제조업,,,,
포유,중소기업,광주 광산구,컴퓨터·하드웨어·장비,,,,
포유,중소기업,서울 강서구,시설관리·보안·경비,,,,
포유,중소기업,대구 중구,학원·어학원·교육원,,,,
디에이치알,중소기업,서울 용산구,학원·어학원·교육원,1억원,6억1천만,성충모,2006.04.12
디에이치알,중소기업,서울 강남구,컨설팅·연구·조사,김현정,B2B 외국어교육,"국민연금, 건강보험, 고용보험, 산재보험",2013.04.18
디에이치알,중소기업,경남 통영시,기타 옥외 시설물 축조 관련 전문공사업,"2억 7,500만원","5억 8,047만원",정인숙,2017.01.04
디에이치알,중소기업,충북 청주시,사업시설 유지.관리 서비스업,-,-,방성국,2017.12.20
디에이치알,중소기업,경기 성남시,컨설팅·연구·조사,"3,000만원",25억,구희근,2011.12.10
디에이치알,중소기업,충남 아산시,인력 공급업,-,-,국중혁,-
디에이치알,중소기업,서울특별시 영등포구,학원·어학원·교육원,,,,
디에이치알,중소기업,경기 화성시,시설관리·보안·경비,,,,
디에이치알,중소기업,서울 금천구,포털·컨텐츠·커뮤니티,,,,
디에이치알,중소기업,서울 은평구,온라인 교육 학원,,,,
가구이슈,중소기업,서울 중구,금속 가구 제조업,,,,
가구이슈,중소기업,서울 중구,사무용 가구 및 기기 도매업,1억원,58억 9천만원,임지혁,2007.01.01
가구이슈,중소기업,경기 김포시,금속·재료·자재,-,-,윤종훈,2003
가구이슈,중소기업,서울 동작구,가구 소매업,-,-,이홍섭,1997.01.11
가구이슈,중소기업,경기 남양주시,기타 목재가구 제조업,1억원,10억 2천만원,황성민,2018.01.19
가구이슈,중소기업,서울 영등포구,그 외 기타 가구 제조업,-,-,이정민,-
가구이슈,중소기업,세종,생활용 가구 도매업,-,-,조윤정,2022.08.10
바이퍼럭스,중소기업,서울 금천구,"컴퓨터 및 주변장치, 소프트웨어 도매업",,,,
신원,중견기업,서울 마포구,여자용 겉옷 제조업,,,,
신원,중견기업,충남 아산시,자동차 차체용 신품 부품 제조업,,,,
신원,중소기업,서울 강남구,건설·시공·토목·조경,529억원,2850억,김성민,1983.05.30
신원,중소기업,서울 영등포구,건설·시공·토목·조경,4억원,190억,민현기,1980.04.11
신원,중소기업,인천 남동구,금속·재료·자재,66억원,580억,김태균,1978.04.05
신원,중소기업,서울 마포구,부직포 및 펠트 제조업,3억원,137억 7천만원,이용국,1972.07.01
신원,중소기업,서울 마포구,출판·인쇄·사진,-,-,김태은/김태광,1986.01.01
신원,중소기업,경기 부천시,출판·인쇄·사진,4억원,95억4천,장시엽,2011.12.01
신원,비영리법인,경기도 광명시,그 외 기타 보건업,223억 5천만원,713억 1천만원,이병미,2012.12.20
신원,중소기업,서울 송파구,의약품 도매업,,,,
정성환경산업,중소기업,충북 청주시,재생용 재료 수집 및 판매업,,,,
디아이디시스템,중소기업,경기도 부천시,"컴퓨터 및 주변장치, 소프트웨어 도매업",-,-,김도형,2002.06.20
코리아세븐,중소기업,부산 금정구,상품 종합 도매업,"1,000만원","5억 8,579만원",김영아,2017.03.09
코리아세븐,중소기업,경남 창원시,물류·운송·배송,3억원,120억원,장 화 석,2023.06.29
코리아세븐,중소기업,경기 김포시,상품 종합 도매업,2억원,179억 1천만원,김도훈,2015.10.15
코리아세븐,중소기업,인천 중구,내부 통신배선 공사업,,,,
코리아세븐,중소기업,경기 파주시,그 외 자동차용 신품 부품 제조업,,,,
코리아세븐,중소기업,서울 강남구,생활화학·화장품,,,,
코리아세븐,중소기업,제주 제주시,그 외 기타 일반목적용 기계 제조업,,,,
마이라이드,중소기업,경기 남양주시,자동차·조선·철강·항공,,,,
네오테크,중소기업,경북 김천시,그 외 자동차용 신품 부품 제조업,,,,
네오테크,중소기업,경기 용인시,기타 반도체소자 제조업,,,,
네오테크,중소기업,광주 서구,그 외 기타 기계 및 장비 도매업,,,,
네오테크,중소기업,충남 아산시,자동차용 금속 압형제품 제조업,2억 300만원,63억 4천만원,김상식,2010.08.17
네오테크,중소기업,경기 성남시,전지 및 케이블 도매업,"5,000만원",30억,최우진,2014.07.02
네오테크,중소기업,경기 하남시,출판·인쇄·사진,-,-,탁철민외1,-
네오테크,중소기업,서울 노원구,콜센터·아웃소싱·기타,-,-,조도연,-
네오테크,중소기업,경북 포항시,금속 절삭기계 제조업,,,,
네오테크,중소기업,서울 송파구,응용 소프트웨어 개발 및 공급업,,,,
바인텍,중소기업,경기 성남시,사무용 기계 및 장비 제조업,,,,
바인텍,중소기업,경기 파주시,생활용품·소비재·기타,,,,
바인텍,중소기업,경기 파주시,제책업,,,,
파인텍,중소기업,충남 천안시,반도체·디스플레이·광학,,,,
파인텍,중소기업,서울 마포구,반도체·디스플레이·광학,,,,
파인텍,중소기업,경기 평택시,건축·설비·환경,,,,
파인텍,중소기업,경기 군포시,기타 직물제품 제조업,,,,
파인텍,중소기업,서울 마포구,은행·금융,"5억 1,000만원",26억 4천만,권도영,2007.09.09
파인텍,중소기업,경기 수원시,기계·기계설비,김진창,산업용냉장및냉동장비，공기조절장치，소화기등,"국민연금, 건강보험, 고용보험, 산재보험",2002.07.15
파인텍,중소기업,충북 청주시,기체 여과기 제조업,14억 6백만원,53억 4천만원,김은겸,2017.01.02
파인텍,중소기업,경기 용인시,자동차용 신품 조향장치 및 현가 장치 제조업,-,-,김이화,-
파인텍,중소기업,광주 북구,기타 토목시설물 건설업,5억원,11억 5천만원,백광호,2007.07.26
서윤이엔씨,중소기업,강원 원주시,건축설계 및 관련 서비스업,2억원,11억 2천만원,손기석,2017.06.01
쟈니브로스,중소기업,서울 강남구,방송·케이블·프로덕션,,,,
한누리피케이지,중소기업,서울 성동구,그 외 기타 의복액세서리 제조업,,,,
단호학원,비영리단체·교육재단,경기 성남시,학교(초·중·고·대학·특수),-,-,김홍우,1953.06.15
제이비에스창호(주)경기지점,중소기업,경기 남양주시,금속·재료·자재,-,-,임명자,2016.03.04
제이비에스창호(주)경기지점,중소기업,경기 성남시,매니저업,-,-,이승주,2014.11.25
제이비에스창호(주)경기지점,중소기업,충남 논산시,신문·잡지·언론사,-,-,남기훈,-
제이비에스창호(주)경기지점,중소기업,경기 화성시,음식료·외식·프랜차이즈,-,-,나영미,-
티디코리아,중소기업,서울 종로구,콜센터 및 텔레마케팅 서비스업,,,,
티디코리아,중소기업,경기 성남시,상품 종합 중개업,,,,
티디코리아,중소기업,경기 김포시,자동차·조선·철강·항공,,,,
부건피앤피,중소기업,충북 청주시,주거용 부동산 관리업,"5억 1,100만원",64억 2백만원,김창수,1997.06.01
에이엠티인터내셔널,중소기업,경기 수원시,그 외 기타 상품 전문 도매업,"5,704만원",10억 8천만원,정연호,2006.11.03
새로고침,중소기업,경기 안양시,일반 창고업,3억원,250억 2천만원,김경욱/지현보,2015.08.10
새로고침,중소기업,경기 의정부시,물류·운송·배송,-,-,지현보·김경욱,2018.05.04
새로고침,중소기업,서울 영등포구,렌탈·임대·리스,-,-,허현,-
새로고침,중소기업,광주 북구,전자상거래 소매업,"2,000만원","7,596만원",김희상,2023.02.25
새로고침,중소기업,경기 화성시,물류·운송·배송,2억원,42억 3천만원,김택원/이승철,1981.05.01
새로고침,중소기업,경기 포천시,물류·운송·배송,-,-,김경욱,-
새로고침,중소기업,경기 부천시,인테리어·자재,-,-,박현정,-
새로고침,중소기업,경기 성남시,인테리어·자재,,,,
새로고침,중소기업,경기 안양시,의료(병원분류별),,,,
창문에안전,중소기업,경기 고양시,시스템 소프트웨어 개발 및 공급업,1억원,13억 4백만원,이바울,2016.07.01
우리베스트,중소기업,대전 서구,광고·홍보·전시,김지웅/이완진,"인재파견,광고홍보대행업,업무용역,헤드헌팅","국민연금, 건강보험, 고용보험, 산재보험",2021.05.01
우리베스트,중소기업,대구 중구,공기업·공공기관,-,-,송민석,2015.11.18
우리베스트,중소기업,서울 강서구,여행사업,"4,500만원","2,903만원",최기숙,2011.07.18
우리베스트,중소기업,부산 부산진구,증권·보험·카드,-,-,송민석,2018.06.29
우리베스트,중소기업,서울 강남구,일반 의원,,,,
우리베스트,중소기업,서울 종로구,그 외 기타 여신금융업,,,,
우리베스트,중소기업,인천 서구,일반 의원,,,,
우리베스트,중소기업,서울 강북구,의료(진료과별),,,,
우리베스트,중소기업,서울 구로구,증권·보험·카드,-,-,방정환,-
케이티서비스북부,대기업,대전 서구,네트워크·통신서비스,-,-,장희엽,2008.01.01
케이티서비스북부,중소기업,서울 동작구,네트워크·통신서비스,,,,
케이티서비스북부,대기업,경남 김해시,컴퓨터시설 관리업,,,,
선진,대기업,서울 강동구,동물용 사료 및 조제식품 제조업,,,,
선진,비영리법인,서울 중구,그 외 기타 협회 및 단체,,,,
선진,중견기업,경기 과천시,건설·시공·토목·조경,,,,
선진,중소기업,서울 은평구,시내버스 운송업,,,,
선진,중소기업,서울 금천구,생활화학·화장품,,,,
선진,대기업,경기 이천시,육류 기타 가공 및 저장처리업 (가금류 제외),,,,
선진,중소기업,서울 강동구,물류·운송·배송,,,,
선진,중소기업,충남 당진시,건설 및 채광용 기계장비 제조업,,,,
선진,중소기업,경북 청도군,사료 도매업,,,,
선진,중소기업,서울 강남구,공인회계사업,,,,
마루종합식품,중소기업,대구 북구,식품가공,-,-,전찬경,-
마루종합식품,중소기업,경북 문경시,물류·운송·배송,,,,
경원이엔씨,중소기업,서울 강남구,"도배, 실내장식 및 내장 목공사업",,,,
경원이엔씨,중소기업,경기 부천시,일반전기 공사업,,,,
경원이엔씨,중소기업,경북 경산시,기타 비주거용 건물 건설업,3억원,45억 3천만원,장경화,2015.06.08
제이엠피코리아,중소기업,서울 구로구,학원·어학원·교육원,2억원,101억 1천만원,노수열,2021.11.25
오감코리아,중소기업,경기 안산시,학습지·방문교육,,,,
우성유통,중견기업,대전 동구,과실류 도매업,,,,
우성유통,중소기업,대전 유성구,"채소, 과실 및 뿌리작물 소매업",,,,
우성유통,중소기업,경기 고양시,백화점·유통·도소매,,,,
우성유통,중소기업,서울 영등포구,기타 가공식품 도매업,20만원,12억 4백만원,조용재/조경섭,2019.04.01
우성유통,중소기업,서울특별시 은평구,커피 및 차류 도매업,-,-,방중현,2009.10.01
프리티스킨인터내셔널,중소기업,서울 중구,"화장품, 비누 및 방향제 소매업",6억원,212억 5천만원,정병섭,2014.05.01
칠삼이일디자인,중소기업,경기 파주시,디자인·CAD,,,,
아이텍코리아,중소기업,서울 송파구,컨베이어장치 제조업,,,,
아이텍코리아,중소기업,경기 군포시,혼성 및 재생 플라스틱 소재 물질 제조업,,,,
아이텍코리아,중소기업,강원 춘천시,건설·시공·토목·조경,,,,
